time,DA_price
2025-01-01 00:00:00+01:00,13.62
2025-01-01 01:00:00+01:00,6.24
2025-01-01 02:00:00+01:00,4.16
2025-01-01 03:00:00+01:00,3.28
2025-01-01 04:00:00+01:00,0.68
2025-01-01 05:00:00+01:00,0.0
2025-01-01 06:00:00+01:00,0.76
2025-01-01 07:00:00+01:00,0.79
2025-01-01 08:00:00+01:00,1.89
2025-01-01 09:00:00+01:00,7.5
2025-01-01 10:00:00+01:00,27.32
2025-01-01 11:00:00+01:00,37.49
2025-01-01 12:00:00+01:00,60.1
2025-01-01 13:00:00+01:00,63.32
2025-01-01 14:00:00+01:00,47.0
2025-01-01 15:00:00+01:00,50.1
2025-01-01 16:00:00+01:00,27.64
2025-01-01 17:00:00+01:00,79.97
2025-01-01 18:00:00+01:00,95.0
2025-01-01 19:00:00+01:00,95.0
2025-01-01 20:00:00+01:00,81.49
2025-01-01 21:00:00+01:00,68.96
2025-01-01 22:00:00+01:00,46.37
2025-01-01 23:00:00+01:00,38.0
2025-01-02 00:00:00+01:00,101.94
2025-01-02 01:00:00+01:00,146.95
2025-01-02 02:00:00+01:00,148.44
2025-01-02 03:00:00+01:00,138.0
2025-01-02 04:00:00+01:00,100.1
2025-01-02 05:00:00+01:00,107.47
2025-01-02 06:00:00+01:00,154.68
2025-01-02 07:00:00+01:00,174.7
2025-01-02 08:00:00+01:00,175.07
2025-01-02 09:00:00+01:00,165.37
2025-01-02 10:00:00+01:00,136.0
2025-01-02 11:00:00+01:00,111.93
2025-01-02 12:00:00+01:00,101.52
2025-01-02 13:00:00+01:00,105.6
2025-01-02 14:00:00+01:00,118.95
2025-01-02 15:00:00+01:00,130.11
2025-01-02 16:00:00+01:00,138.81
2025-01-02 17:00:00+01:00,153.0
2025-01-02 18:00:00+01:00,152.99
2025-01-02 19:00:00+01:00,128.0
2025-01-02 20:00:00+01:00,129.17
2025-01-02 21:00:00+01:00,120.0
2025-01-02 22:00:00+01:00,119.9
2025-01-02 23:00:00+01:00,116.07
2025-01-03 00:00:00+01:00,114.32
2025-01-03 01:00:00+01:00,115.0
2025-01-03 02:00:00+01:00,103.0
2025-01-03 03:00:00+01:00,98.0
2025-01-03 04:00:00+01:00,78.15
2025-01-03 05:00:00+01:00,71.0
2025-01-03 06:00:00+01:00,68.96
2025-01-03 07:00:00+01:00,86.0
2025-01-03 08:00:00+01:00,112.64
2025-01-03 09:00:00+01:00,134.51
2025-01-03 10:00:00+01:00,100.0
2025-01-03 11:00:00+01:00,86.6
2025-01-03 12:00:00+01:00,83.8
2025-01-03 13:00:00+01:00,97.2
2025-01-03 14:00:00+01:00,117.05
2025-01-03 15:00:00+01:00,149.99
2025-01-03 16:00:00+01:00,125.8
2025-01-03 17:00:00+01:00,149.93
2025-01-03 18:00:00+01:00,133.2
2025-01-03 19:00:00+01:00,124.3
2025-01-03 20:00:00+01:00,125.0
2025-01-03 21:00:00+01:00,155.2
2025-01-03 22:00:00+01:00,133.2
2025-01-03 23:00:00+01:00,192.7
2025-01-04 00:00:00+01:00,136.4
2025-01-04 01:00:00+01:00,130.39
2025-01-04 02:00:00+01:00,106.7
2025-01-04 03:00:00+01:00,99.0
2025-01-04 04:00:00+01:00,96.09
2025-01-04 05:00:00+01:00,102.22
2025-01-04 06:00:00+01:00,110.7
2025-01-04 07:00:00+01:00,120.02
2025-01-04 08:00:00+01:00,128.39
2025-01-04 09:00:00+01:00,130.75
2025-01-04 10:00:00+01:00,130.34
2025-01-04 11:00:00+01:00,128.29
2025-01-04 12:00:00+01:00,130.03
2025-01-04 13:00:00+01:00,129.85
2025-01-04 14:00:00+01:00,136.4
2025-01-04 15:00:00+01:00,138.76
2025-01-04 16:00:00+01:00,141.2
2025-01-04 17:00:00+01:00,149.83
2025-01-04 18:00:00+01:00,144.17
2025-01-04 19:00:00+01:00,138.38
2025-01-04 20:00:00+01:00,129.73
2025-01-04 21:00:00+01:00,123.07
2025-01-04 22:00:00+01:00,118.54
2025-01-04 23:00:00+01:00,109.61
2025-01-05 00:00:00+01:00,111.61
2025-01-05 01:00:00+01:00,94.76
2025-01-05 02:00:00+01:00,85.62
2025-01-05 03:00:00+01:00,82.94
2025-01-05 04:00:00+01:00,74.73
2025-01-05 05:00:00+01:00,67.0
2025-01-05 06:00:00+01:00,65.67
2025-01-05 07:00:00+01:00,64.22
2025-01-05 08:00:00+01:00,75.5
2025-01-05 09:00:00+01:00,75.7
2025-01-05 10:00:00+01:00,82.95
2025-01-05 11:00:00+01:00,80.02
2025-01-05 12:00:00+01:00,81.66
2025-01-05 13:00:00+01:00,65.32
2025-01-05 14:00:00+01:00,59.67
2025-01-05 15:00:00+01:00,49.98
2025-01-05 16:00:00+01:00,49.91
2025-01-05 17:00:00+01:00,63.23
2025-01-05 18:00:00+01:00,61.13
2025-01-05 19:00:00+01:00,52.08
2025-01-05 20:00:00+01:00,40.88
2025-01-05 21:00:00+01:00,39.0
2025-01-05 22:00:00+01:00,32.48
2025-01-05 23:00:00+01:00,20.36
2025-01-06 00:00:00+01:00,25.99
2025-01-06 01:00:00+01:00,9.65
2025-01-06 02:00:00+01:00,6.2
2025-01-06 03:00:00+01:00,2.77
2025-01-06 04:00:00+01:00,1.97
2025-01-06 05:00:00+01:00,3.69
2025-01-06 06:00:00+01:00,10.0
2025-01-06 07:00:00+01:00,45.54
2025-01-06 08:00:00+01:00,72.0
2025-01-06 09:00:00+01:00,77.03
2025-01-06 10:00:00+01:00,60.0
2025-01-06 11:00:00+01:00,40.28
2025-01-06 12:00:00+01:00,42.06
2025-01-06 13:00:00+01:00,45.06
2025-01-06 14:00:00+01:00,64.57
2025-01-06 15:00:00+01:00,77.94
2025-01-06 16:00:00+01:00,77.92
2025-01-06 17:00:00+01:00,102.91
2025-01-06 18:00:00+01:00,126.66
2025-01-06 19:00:00+01:00,119.95
2025-01-06 20:00:00+01:00,99.9
2025-01-06 21:00:00+01:00,79.94
2025-01-06 22:00:00+01:00,73.43
2025-01-06 23:00:00+01:00,50.96
2025-01-07 00:00:00+01:00,19.51
2025-01-07 01:00:00+01:00,8.71
2025-01-07 02:00:00+01:00,8.9
2025-01-07 03:00:00+01:00,5.01
2025-01-07 04:00:00+01:00,5.13
2025-01-07 05:00:00+01:00,5.8
2025-01-07 06:00:00+01:00,60.0
2025-01-07 07:00:00+01:00,116.56
2025-01-07 08:00:00+01:00,165.98
2025-01-07 09:00:00+01:00,138.5
2025-01-07 10:00:00+01:00,110.74
2025-01-07 11:00:00+01:00,79.95
2025-01-07 12:00:00+01:00,70.1
2025-01-07 13:00:00+01:00,67.33
2025-01-07 14:00:00+01:00,75.0
2025-01-07 15:00:00+01:00,84.9
2025-01-07 16:00:00+01:00,125.58
2025-01-07 17:00:00+01:00,160.7
2025-01-07 18:00:00+01:00,173.86
2025-01-07 19:00:00+01:00,127.5
2025-01-07 20:00:00+01:00,102.9
2025-01-07 21:00:00+01:00,97.6
2025-01-07 22:00:00+01:00,82.2
2025-01-07 23:00:00+01:00,80.01
2025-01-08 00:00:00+01:00,66.19
2025-01-08 01:00:00+01:00,52.96
2025-01-08 02:00:00+01:00,50.17
2025-01-08 03:00:00+01:00,49.9
2025-01-08 04:00:00+01:00,52.8
2025-01-08 05:00:00+01:00,68.93
2025-01-08 06:00:00+01:00,75.1
2025-01-08 07:00:00+01:00,120.46
2025-01-08 08:00:00+01:00,141.04
2025-01-08 09:00:00+01:00,146.77
2025-01-08 10:00:00+01:00,125.6
2025-01-08 11:00:00+01:00,108.63
2025-01-08 12:00:00+01:00,105.87
2025-01-08 13:00:00+01:00,102.37
2025-01-08 14:00:00+01:00,110.28
2025-01-08 15:00:00+01:00,127.97
2025-01-08 16:00:00+01:00,137.31
2025-01-08 17:00:00+01:00,157.35
2025-01-08 18:00:00+01:00,162.0
2025-01-08 19:00:00+01:00,146.66
2025-01-08 20:00:00+01:00,134.87
2025-01-08 21:00:00+01:00,125.11
2025-01-08 22:00:00+01:00,114.4
2025-01-08 23:00:00+01:00,100.5
2025-01-09 00:00:00+01:00,99.98
2025-01-09 01:00:00+01:00,100.0
2025-01-09 02:00:00+01:00,92.46
2025-01-09 03:00:00+01:00,85.1
2025-01-09 04:00:00+01:00,84.64
2025-01-09 05:00:00+01:00,90.77
2025-01-09 06:00:00+01:00,121.04
2025-01-09 07:00:00+01:00,141.9
2025-01-09 08:00:00+01:00,152.28
2025-01-09 09:00:00+01:00,145.41
2025-01-09 10:00:00+01:00,138.91
2025-01-09 11:00:00+01:00,131.91
2025-01-09 12:00:00+01:00,122.39
2025-01-09 13:00:00+01:00,114.85
2025-01-09 14:00:00+01:00,116.27
2025-01-09 15:00:00+01:00,121.29
2025-01-09 16:00:00+01:00,122.0
2025-01-09 17:00:00+01:00,131.07
2025-01-09 18:00:00+01:00,134.52
2025-01-09 19:00:00+01:00,112.95
2025-01-09 20:00:00+01:00,119.23
2025-01-09 21:00:00+01:00,105.17
2025-01-09 22:00:00+01:00,100.92
2025-01-09 23:00:00+01:00,80.01
2025-01-10 00:00:00+01:00,90.97
2025-01-10 01:00:00+01:00,80.23
2025-01-10 02:00:00+01:00,71.4
2025-01-10 03:00:00+01:00,69.2
2025-01-10 04:00:00+01:00,69.92
2025-01-10 05:00:00+01:00,84.17
2025-01-10 06:00:00+01:00,99.09
2025-01-10 07:00:00+01:00,123.92
2025-01-10 08:00:00+01:00,139.69
2025-01-10 09:00:00+01:00,136.98
2025-01-10 10:00:00+01:00,123.57
2025-01-10 11:00:00+01:00,113.59
2025-01-10 12:00:00+01:00,107.43
2025-01-10 13:00:00+01:00,105.01
2025-01-10 14:00:00+01:00,110.01
2025-01-10 15:00:00+01:00,128.69
2025-01-10 16:00:00+01:00,135.01
2025-01-10 17:00:00+01:00,142.6
2025-01-10 18:00:00+01:00,144.15
2025-01-10 19:00:00+01:00,141.1
2025-01-10 20:00:00+01:00,134.82
2025-01-10 21:00:00+01:00,122.51
2025-01-10 22:00:00+01:00,119.77
2025-01-10 23:00:00+01:00,111.74
2025-01-11 00:00:00+01:00,118.88
2025-01-11 01:00:00+01:00,104.09
2025-01-11 02:00:00+01:00,97.4
2025-01-11 03:00:00+01:00,95.8
2025-01-11 04:00:00+01:00,95.0
2025-01-11 05:00:00+01:00,98.61
2025-01-11 06:00:00+01:00,105.1
2025-01-11 07:00:00+01:00,119.9
2025-01-11 08:00:00+01:00,128.34
2025-01-11 09:00:00+01:00,141.93
2025-01-11 10:00:00+01:00,127.81
2025-01-11 11:00:00+01:00,101.61
2025-01-11 12:00:00+01:00,97.57
2025-01-11 13:00:00+01:00,93.15
2025-01-11 14:00:00+01:00,95.74
2025-01-11 15:00:00+01:00,105.23
2025-01-11 16:00:00+01:00,112.46
2025-01-11 17:00:00+01:00,120.12
2025-01-11 18:00:00+01:00,124.1
2025-01-11 19:00:00+01:00,135.0
2025-01-11 20:00:00+01:00,131.4
2025-01-11 21:00:00+01:00,124.2
2025-01-11 22:00:00+01:00,124.19
2025-01-11 23:00:00+01:00,105.94
2025-01-12 00:00:00+01:00,140.6
2025-01-12 01:00:00+01:00,115.0
2025-01-12 02:00:00+01:00,100.0
2025-01-12 03:00:00+01:00,90.0
2025-01-12 04:00:00+01:00,85.0
2025-01-12 05:00:00+01:00,89.9
2025-01-12 06:00:00+01:00,97.0
2025-01-12 07:00:00+01:00,101.75
2025-01-12 08:00:00+01:00,114.76
2025-01-12 09:00:00+01:00,120.07
2025-01-12 10:00:00+01:00,117.77
2025-01-12 11:00:00+01:00,105.61
2025-01-12 12:00:00+01:00,102.99
2025-01-12 13:00:00+01:00,99.61
2025-01-12 14:00:00+01:00,103.23
2025-01-12 15:00:00+01:00,116.32
2025-01-12 16:00:00+01:00,129.52
2025-01-12 17:00:00+01:00,138.12
2025-01-12 18:00:00+01:00,146.66
2025-01-12 19:00:00+01:00,142.79
2025-01-12 20:00:00+01:00,133.11
2025-01-12 21:00:00+01:00,126.85
2025-01-12 22:00:00+01:00,120.45
2025-01-12 23:00:00+01:00,114.9
2025-01-13 00:00:00+01:00,112.39
2025-01-13 01:00:00+01:00,105.07
2025-01-13 02:00:00+01:00,104.46
2025-01-13 03:00:00+01:00,100.37
2025-01-13 04:00:00+01:00,100.0
2025-01-13 05:00:00+01:00,109.97
2025-01-13 06:00:00+01:00,138.67
2025-01-13 07:00:00+01:00,177.83
2025-01-13 08:00:00+01:00,218.8
2025-01-13 09:00:00+01:00,171.0
2025-01-13 10:00:00+01:00,139.97
2025-01-13 11:00:00+01:00,115.58
2025-01-13 12:00:00+01:00,104.83
2025-01-13 13:00:00+01:00,103.11
2025-01-13 14:00:00+01:00,105.55
2025-01-13 15:00:00+01:00,135.34
2025-01-13 16:00:00+01:00,140.82
2025-01-13 17:00:00+01:00,149.0
2025-01-13 18:00:00+01:00,140.41
2025-01-13 19:00:00+01:00,119.6
2025-01-13 20:00:00+01:00,105.0
2025-01-13 21:00:00+01:00,118.27
2025-01-13 22:00:00+01:00,109.0
2025-01-13 23:00:00+01:00,95.8
2025-01-14 00:00:00+01:00,89.37
2025-01-14 01:00:00+01:00,88.75
2025-01-14 02:00:00+01:00,82.61
2025-01-14 03:00:00+01:00,82.06
2025-01-14 04:00:00+01:00,91.09
2025-01-14 05:00:00+01:00,100.55
2025-01-14 06:00:00+01:00,109.9
2025-01-14 07:00:00+01:00,152.42
2025-01-14 08:00:00+01:00,181.31
2025-01-14 09:00:00+01:00,151.12
2025-01-14 10:00:00+01:00,100.4
2025-01-14 11:00:00+01:00,104.45
2025-01-14 12:00:00+01:00,93.72
2025-01-14 13:00:00+01:00,105.0
2025-01-14 14:00:00+01:00,115.56
2025-01-14 15:00:00+01:00,126.14
2025-01-14 16:00:00+01:00,142.58
2025-01-14 17:00:00+01:00,166.54
2025-01-14 18:00:00+01:00,154.14
2025-01-14 19:00:00+01:00,127.5
2025-01-14 20:00:00+01:00,117.0
2025-01-14 21:00:00+01:00,111.0
2025-01-14 22:00:00+01:00,108.43
2025-01-14 23:00:00+01:00,121.87
2025-01-15 00:00:00+01:00,97.17
2025-01-15 01:00:00+01:00,99.93
2025-01-15 02:00:00+01:00,100.0
2025-01-15 03:00:00+01:00,106.0
2025-01-15 04:00:00+01:00,105.35
2025-01-15 05:00:00+01:00,112.07
2025-01-15 06:00:00+01:00,134.68
2025-01-15 07:00:00+01:00,191.86
2025-01-15 08:00:00+01:00,300.71
2025-01-15 09:00:00+01:00,306.66
2025-01-15 10:00:00+01:00,300.0
2025-01-15 11:00:00+01:00,282.6
2025-01-15 12:00:00+01:00,244.27
2025-01-15 13:00:00+01:00,230.34
2025-01-15 14:00:00+01:00,264.58
2025-01-15 15:00:00+01:00,272.73
2025-01-15 16:00:00+01:00,298.92
2025-01-15 17:00:00+01:00,350.48
2025-01-15 18:00:00+01:00,309.56
2025-01-15 19:00:00+01:00,262.42
2025-01-15 20:00:00+01:00,179.45
2025-01-15 21:00:00+01:00,150.94
2025-01-15 22:00:00+01:00,140.85
2025-01-15 23:00:00+01:00,123.9
2025-01-16 00:00:00+01:00,126.06
2025-01-16 01:00:00+01:00,118.87
2025-01-16 02:00:00+01:00,111.3
2025-01-16 03:00:00+01:00,104.4
2025-01-16 04:00:00+01:00,103.12
2025-01-16 05:00:00+01:00,114.9
2025-01-16 06:00:00+01:00,129.9
2025-01-16 07:00:00+01:00,169.61
2025-01-16 08:00:00+01:00,199.73
2025-01-16 09:00:00+01:00,175.0
2025-01-16 10:00:00+01:00,151.9
2025-01-16 11:00:00+01:00,140.64
2025-01-16 12:00:00+01:00,130.56
2025-01-16 13:00:00+01:00,128.71
2025-01-16 14:00:00+01:00,135.05
2025-01-16 15:00:00+01:00,156.74
2025-01-16 16:00:00+01:00,173.17
2025-01-16 17:00:00+01:00,187.35
2025-01-16 18:00:00+01:00,184.32
2025-01-16 19:00:00+01:00,179.97
2025-01-16 20:00:00+01:00,159.6
2025-01-16 21:00:00+01:00,141.76
2025-01-16 22:00:00+01:00,135.45
2025-01-16 23:00:00+01:00,123.9
2025-01-17 00:00:00+01:00,100.0
2025-01-17 01:00:00+01:00,110.0
2025-01-17 02:00:00+01:00,106.35
2025-01-17 03:00:00+01:00,105.9
2025-01-17 04:00:00+01:00,106.06
2025-01-17 05:00:00+01:00,112.0
2025-01-17 06:00:00+01:00,140.8
2025-01-17 07:00:00+01:00,175.01
2025-01-17 08:00:00+01:00,208.13
2025-01-17 09:00:00+01:00,175.34
2025-01-17 10:00:00+01:00,156.83
2025-01-17 11:00:00+01:00,140.1
2025-01-17 12:00:00+01:00,126.44
2025-01-17 13:00:00+01:00,124.03
2025-01-17 14:00:00+01:00,131.2
2025-01-17 15:00:00+01:00,147.69
2025-01-17 16:00:00+01:00,165.02
2025-01-17 17:00:00+01:00,177.75
2025-01-17 18:00:00+01:00,179.92
2025-01-17 19:00:00+01:00,174.22
2025-01-17 20:00:00+01:00,157.91
2025-01-17 21:00:00+01:00,145.0
2025-01-17 22:00:00+01:00,139.97
2025-01-17 23:00:00+01:00,126.89
2025-01-18 00:00:00+01:00,125.34
2025-01-18 01:00:00+01:00,121.06
2025-01-18 02:00:00+01:00,121.0
2025-01-18 03:00:00+01:00,118.85
2025-01-18 04:00:00+01:00,116.49
2025-01-18 05:00:00+01:00,119.78
2025-01-18 06:00:00+01:00,119.81
2025-01-18 07:00:00+01:00,133.49
2025-01-18 08:00:00+01:00,145.65
2025-01-18 09:00:00+01:00,144.1
2025-01-18 10:00:00+01:00,131.37
2025-01-18 11:00:00+01:00,121.57
2025-01-18 12:00:00+01:00,118.87
2025-01-18 13:00:00+01:00,115.01
2025-01-18 14:00:00+01:00,119.03
2025-01-18 15:00:00+01:00,130.56
2025-01-18 16:00:00+01:00,145.5
2025-01-18 17:00:00+01:00,161.91
2025-01-18 18:00:00+01:00,167.57
2025-01-18 19:00:00+01:00,167.85
2025-01-18 20:00:00+01:00,156.12
2025-01-18 21:00:00+01:00,143.42
2025-01-18 22:00:00+01:00,136.4
2025-01-18 23:00:00+01:00,129.36
2025-01-19 00:00:00+01:00,129.75
2025-01-19 01:00:00+01:00,124.26
2025-01-19 02:00:00+01:00,123.1
2025-01-19 03:00:00+01:00,121.24
2025-01-19 04:00:00+01:00,120.18
2025-01-19 05:00:00+01:00,120.0
2025-01-19 06:00:00+01:00,121.58
2025-01-19 07:00:00+01:00,123.37
2025-01-19 08:00:00+01:00,123.6
2025-01-19 09:00:00+01:00,125.21
2025-01-19 10:00:00+01:00,125.27
2025-01-19 11:00:00+01:00,121.56
2025-01-19 12:00:00+01:00,112.25
2025-01-19 13:00:00+01:00,107.51
2025-01-19 14:00:00+01:00,116.81
2025-01-19 15:00:00+01:00,124.36
2025-01-19 16:00:00+01:00,137.57
2025-01-19 17:00:00+01:00,148.81
2025-01-19 18:00:00+01:00,159.19
2025-01-19 19:00:00+01:00,156.79
2025-01-19 20:00:00+01:00,149.31
2025-01-19 21:00:00+01:00,139.52
2025-01-19 22:00:00+01:00,131.14
2025-01-19 23:00:00+01:00,122.99
2025-01-20 00:00:00+01:00,122.27
2025-01-20 01:00:00+01:00,119.45
2025-01-20 02:00:00+01:00,116.56
2025-01-20 03:00:00+01:00,114.41
2025-01-20 04:00:00+01:00,115.45
2025-01-20 05:00:00+01:00,125.82
2025-01-20 06:00:00+01:00,157.7
2025-01-20 07:00:00+01:00,260.24
2025-01-20 08:00:00+01:00,404.11
2025-01-20 09:00:00+01:00,291.18
2025-01-20 10:00:00+01:00,236.29
2025-01-20 11:00:00+01:00,187.69
2025-01-20 12:00:00+01:00,176.13
2025-01-20 13:00:00+01:00,171.39
2025-01-20 14:00:00+01:00,190.3
2025-01-20 15:00:00+01:00,262.81
2025-01-20 16:00:00+01:00,370.28
2025-01-20 17:00:00+01:00,523.47
2025-01-20 18:00:00+01:00,473.28
2025-01-20 19:00:00+01:00,295.57
2025-01-20 20:00:00+01:00,220.0
2025-01-20 21:00:00+01:00,170.0
2025-01-20 22:00:00+01:00,152.74
2025-01-20 23:00:00+01:00,137.74
2025-01-21 00:00:00+01:00,113.0
2025-01-21 01:00:00+01:00,106.76
2025-01-21 02:00:00+01:00,103.8
2025-01-21 03:00:00+01:00,109.68
2025-01-21 04:00:00+01:00,113.0
2025-01-21 05:00:00+01:00,120.73
2025-01-21 06:00:00+01:00,141.78
2025-01-21 07:00:00+01:00,166.9
2025-01-21 08:00:00+01:00,248.32
2025-01-21 09:00:00+01:00,212.0
2025-01-21 10:00:00+01:00,198.05
2025-01-21 11:00:00+01:00,162.0
2025-01-21 12:00:00+01:00,148.37
2025-01-21 13:00:00+01:00,143.54
2025-01-21 14:00:00+01:00,150.48
2025-01-21 15:00:00+01:00,171.01
2025-01-21 16:00:00+01:00,202.77
2025-01-21 17:00:00+01:00,282.52
2025-01-21 18:00:00+01:00,243.96
2025-01-21 19:00:00+01:00,199.94
2025-01-21 20:00:00+01:00,172.16
2025-01-21 21:00:00+01:00,153.72
2025-01-21 22:00:00+01:00,138.31
2025-01-21 23:00:00+01:00,125.4
2025-01-22 00:00:00+01:00,127.3
2025-01-22 01:00:00+01:00,123.69
2025-01-22 02:00:00+01:00,117.43
2025-01-22 03:00:00+01:00,114.12
2025-01-22 04:00:00+01:00,114.62
2025-01-22 05:00:00+01:00,125.03
2025-01-22 06:00:00+01:00,145.0
2025-01-22 07:00:00+01:00,195.47
2025-01-22 08:00:00+01:00,231.36
2025-01-22 09:00:00+01:00,199.41
2025-01-22 10:00:00+01:00,179.06
2025-01-22 11:00:00+01:00,172.94
2025-01-22 12:00:00+01:00,165.0
2025-01-22 13:00:00+01:00,170.0
2025-01-22 14:00:00+01:00,179.4
2025-01-22 15:00:00+01:00,193.68
2025-01-22 16:00:00+01:00,193.01
2025-01-22 17:00:00+01:00,197.66
2025-01-22 18:00:00+01:00,176.52
2025-01-22 19:00:00+01:00,167.4
2025-01-22 20:00:00+01:00,135.82
2025-01-22 21:00:00+01:00,127.91
2025-01-22 22:00:00+01:00,128.51
2025-01-22 23:00:00+01:00,115.06
2025-01-23 00:00:00+01:00,113.92
2025-01-23 01:00:00+01:00,109.1
2025-01-23 02:00:00+01:00,105.62
2025-01-23 03:00:00+01:00,100.08
2025-01-23 04:00:00+01:00,97.77
2025-01-23 05:00:00+01:00,100.43
2025-01-23 06:00:00+01:00,108.56
2025-01-23 07:00:00+01:00,138.14
2025-01-23 08:00:00+01:00,159.35
2025-01-23 09:00:00+01:00,155.93
2025-01-23 10:00:00+01:00,128.0
2025-01-23 11:00:00+01:00,111.42
2025-01-23 12:00:00+01:00,91.4
2025-01-23 13:00:00+01:00,88.32
2025-01-23 14:00:00+01:00,85.86
2025-01-23 15:00:00+01:00,92.77
2025-01-23 16:00:00+01:00,92.55
2025-01-23 17:00:00+01:00,109.0
2025-01-23 18:00:00+01:00,112.0
2025-01-23 19:00:00+01:00,99.9
2025-01-23 20:00:00+01:00,89.5
2025-01-23 21:00:00+01:00,77.23
2025-01-23 22:00:00+01:00,78.49
2025-01-23 23:00:00+01:00,60.09
2025-01-24 00:00:00+01:00,70.33
2025-01-24 01:00:00+01:00,58.53
2025-01-24 02:00:00+01:00,44.24
2025-01-24 03:00:00+01:00,39.58
2025-01-24 04:00:00+01:00,43.81
2025-01-24 05:00:00+01:00,66.66
2025-01-24 06:00:00+01:00,81.4
2025-01-24 07:00:00+01:00,109.02
2025-01-24 08:00:00+01:00,115.24
2025-01-24 09:00:00+01:00,96.93
2025-01-24 10:00:00+01:00,90.0
2025-01-24 11:00:00+01:00,79.16
2025-01-24 12:00:00+01:00,77.24
2025-01-24 13:00:00+01:00,75.27
2025-01-24 14:00:00+01:00,74.88
2025-01-24 15:00:00+01:00,78.8
2025-01-24 16:00:00+01:00,79.9
2025-01-24 17:00:00+01:00,90.17
2025-01-24 18:00:00+01:00,91.97
2025-01-24 19:00:00+01:00,93.27
2025-01-24 20:00:00+01:00,86.74
2025-01-24 21:00:00+01:00,82.3
2025-01-24 22:00:00+01:00,92.93
2025-01-24 23:00:00+01:00,87.04
2025-01-25 00:00:00+01:00,57.36
2025-01-25 01:00:00+01:00,77.87
2025-01-25 02:00:00+01:00,92.0
2025-01-25 03:00:00+01:00,105.19
2025-01-25 04:00:00+01:00,66.81
2025-01-25 05:00:00+01:00,67.06
2025-01-25 06:00:00+01:00,70.62
2025-01-25 07:00:00+01:00,72.06
2025-01-25 08:00:00+01:00,85.02
2025-01-25 09:00:00+01:00,85.55
2025-01-25 10:00:00+01:00,83.36
2025-01-25 11:00:00+01:00,87.73
2025-01-25 12:00:00+01:00,81.82
2025-01-25 13:00:00+01:00,81.98
2025-01-25 14:00:00+01:00,85.09
2025-01-25 15:00:00+01:00,103.54
2025-01-25 16:00:00+01:00,124.11
2025-01-25 17:00:00+01:00,138.6
2025-01-25 18:00:00+01:00,147.1
2025-01-25 19:00:00+01:00,144.35
2025-01-25 20:00:00+01:00,130.75
2025-01-25 21:00:00+01:00,126.75
2025-01-25 22:00:00+01:00,124.5
2025-01-25 23:00:00+01:00,114.99
2025-01-26 00:00:00+01:00,116.4
2025-01-26 01:00:00+01:00,107.47
2025-01-26 02:00:00+01:00,98.13
2025-01-26 03:00:00+01:00,97.07
2025-01-26 04:00:00+01:00,91.71
2025-01-26 05:00:00+01:00,94.96
2025-01-26 06:00:00+01:00,99.43
2025-01-26 07:00:00+01:00,105.82
2025-01-26 08:00:00+01:00,108.36
2025-01-26 09:00:00+01:00,106.2
2025-01-26 10:00:00+01:00,92.44
2025-01-26 11:00:00+01:00,98.76
2025-01-26 12:00:00+01:00,94.82
2025-01-26 13:00:00+01:00,80.0
2025-01-26 14:00:00+01:00,80.1
2025-01-26 15:00:00+01:00,95.96
2025-01-26 16:00:00+01:00,107.68
2025-01-26 17:00:00+01:00,115.49
2025-01-26 18:00:00+01:00,108.02
2025-01-26 19:00:00+01:00,81.38
2025-01-26 20:00:00+01:00,70.64
2025-01-26 21:00:00+01:00,60.75
2025-01-26 22:00:00+01:00,44.34
2025-01-26 23:00:00+01:00,22.84
2025-01-27 00:00:00+01:00,36.1
2025-01-27 01:00:00+01:00,30.35
2025-01-27 02:00:00+01:00,15.77
2025-01-27 03:00:00+01:00,12.38
2025-01-27 04:00:00+01:00,9.1
2025-01-27 05:00:00+01:00,19.4
2025-01-27 06:00:00+01:00,34.27
2025-01-27 07:00:00+01:00,54.91
2025-01-27 08:00:00+01:00,68.0
2025-01-27 09:00:00+01:00,62.96
2025-01-27 10:00:00+01:00,45.0
2025-01-27 11:00:00+01:00,38.84
2025-01-27 12:00:00+01:00,36.19
2025-01-27 13:00:00+01:00,37.61
2025-01-27 14:00:00+01:00,44.52
2025-01-27 15:00:00+01:00,74.37
2025-01-27 16:00:00+01:00,87.72
2025-01-27 17:00:00+01:00,107.2
2025-01-27 18:00:00+01:00,107.67
2025-01-27 19:00:00+01:00,93.3
2025-01-27 20:00:00+01:00,85.1
2025-01-27 21:00:00+01:00,76.64
2025-01-27 22:00:00+01:00,73.45
2025-01-27 23:00:00+01:00,60.0
2025-01-28 00:00:00+01:00,61.6
2025-01-28 01:00:00+01:00,55.73
2025-01-28 02:00:00+01:00,42.95
2025-01-28 03:00:00+01:00,51.38
2025-01-28 04:00:00+01:00,57.77
2025-01-28 05:00:00+01:00,57.07
2025-01-28 06:00:00+01:00,77.82
2025-01-28 07:00:00+01:00,103.55
2025-01-28 08:00:00+01:00,127.6
2025-01-28 09:00:00+01:00,117.47
2025-01-28 10:00:00+01:00,100.2
2025-01-28 11:00:00+01:00,98.04
2025-01-28 12:00:00+01:00,99.62
2025-01-28 13:00:00+01:00,98.31
2025-01-28 14:00:00+01:00,101.22
2025-01-28 15:00:00+01:00,113.93
2025-01-28 16:00:00+01:00,122.46
2025-01-28 17:00:00+01:00,125.0
2025-01-28 18:00:00+01:00,120.5
2025-01-28 19:00:00+01:00,117.34
2025-01-28 20:00:00+01:00,87.84
2025-01-28 21:00:00+01:00,78.31
2025-01-28 22:00:00+01:00,69.0
2025-01-28 23:00:00+01:00,55.5
2025-01-29 00:00:00+01:00,75.79
2025-01-29 01:00:00+01:00,71.91
2025-01-29 02:00:00+01:00,65.74
2025-01-29 03:00:00+01:00,59.94
2025-01-29 04:00:00+01:00,64.01
2025-01-29 05:00:00+01:00,70.23
2025-01-29 06:00:00+01:00,81.16
2025-01-29 07:00:00+01:00,126.95
2025-01-29 08:00:00+01:00,136.2
2025-01-29 09:00:00+01:00,130.45
2025-01-29 10:00:00+01:00,105.05
2025-01-29 11:00:00+01:00,89.25
2025-01-29 12:00:00+01:00,85.0
2025-01-29 13:00:00+01:00,85.53
2025-01-29 14:00:00+01:00,87.67
2025-01-29 15:00:00+01:00,102.75
2025-01-29 16:00:00+01:00,132.72
2025-01-29 17:00:00+01:00,149.57
2025-01-29 18:00:00+01:00,165.0
2025-01-29 19:00:00+01:00,148.6
2025-01-29 20:00:00+01:00,135.3
2025-01-29 21:00:00+01:00,122.1
2025-01-29 22:00:00+01:00,122.35
2025-01-29 23:00:00+01:00,100.1
2025-01-30 00:00:00+01:00,131.34
2025-01-30 01:00:00+01:00,125.79
2025-01-30 02:00:00+01:00,111.9
2025-01-30 03:00:00+01:00,104.48
2025-01-30 04:00:00+01:00,100.0
2025-01-30 05:00:00+01:00,101.09
2025-01-30 06:00:00+01:00,131.36
2025-01-30 07:00:00+01:00,149.65
2025-01-30 08:00:00+01:00,160.3
2025-01-30 09:00:00+01:00,151.49
2025-01-30 10:00:00+01:00,134.9
2025-01-30 11:00:00+01:00,123.25
2025-01-30 12:00:00+01:00,115.74
2025-01-30 13:00:00+01:00,113.3
2025-01-30 14:00:00+01:00,125.74
2025-01-30 15:00:00+01:00,142.67
2025-01-30 16:00:00+01:00,151.05
2025-01-30 17:00:00+01:00,178.09
2025-01-30 18:00:00+01:00,179.93
2025-01-30 19:00:00+01:00,161.24
2025-01-30 20:00:00+01:00,148.49
2025-01-30 21:00:00+01:00,132.59
2025-01-30 22:00:00+01:00,125.73
2025-01-30 23:00:00+01:00,120.2
2025-01-31 00:00:00+01:00,120.0
2025-01-31 01:00:00+01:00,116.49
2025-01-31 02:00:00+01:00,113.6
2025-01-31 03:00:00+01:00,111.06
2025-01-31 04:00:00+01:00,113.48
2025-01-31 05:00:00+01:00,119.2
2025-01-31 06:00:00+01:00,130.0
2025-01-31 07:00:00+01:00,155.82
2025-01-31 08:00:00+01:00,163.7
2025-01-31 09:00:00+01:00,154.82
2025-01-31 10:00:00+01:00,130.1
2025-01-31 11:00:00+01:00,126.2
2025-01-31 12:00:00+01:00,120.06
2025-01-31 13:00:00+01:00,121.19
2025-01-31 14:00:00+01:00,119.3
2025-01-31 15:00:00+01:00,144.11
2025-01-31 16:00:00+01:00,160.46
2025-01-31 17:00:00+01:00,177.13
2025-01-31 18:00:00+01:00,184.48
2025-01-31 19:00:00+01:00,178.99
2025-01-31 20:00:00+01:00,162.66
2025-01-31 21:00:00+01:00,152.7
2025-01-31 22:00:00+01:00,144.41
2025-01-31 23:00:00+01:00,131.4
2025-02-01 00:00:00+01:00,137.0
2025-02-01 01:00:00+01:00,129.48
2025-02-01 02:00:00+01:00,124.28
2025-02-01 03:00:00+01:00,118.72
2025-02-01 04:00:00+01:00,116.2
2025-02-01 05:00:00+01:00,118.22
2025-02-01 06:00:00+01:00,126.61
2025-02-01 07:00:00+01:00,144.74
2025-02-01 08:00:00+01:00,153.46
2025-02-01 09:00:00+01:00,142.44
2025-02-01 10:00:00+01:00,128.4
2025-02-01 11:00:00+01:00,120.08
2025-02-01 12:00:00+01:00,110.29
2025-02-01 13:00:00+01:00,103.4
2025-02-01 14:00:00+01:00,113.7
2025-02-01 15:00:00+01:00,126.73
2025-02-01 16:00:00+01:00,149.46
2025-02-01 17:00:00+01:00,163.39
2025-02-01 18:00:00+01:00,165.77
2025-02-01 19:00:00+01:00,162.98
2025-02-01 20:00:00+01:00,156.6
2025-02-01 21:00:00+01:00,145.24
2025-02-01 22:00:00+01:00,141.73
2025-02-01 23:00:00+01:00,131.74
2025-02-02 00:00:00+01:00,133.26
2025-02-02 01:00:00+01:00,126.91
2025-02-02 02:00:00+01:00,122.99
2025-02-02 03:00:00+01:00,120.66
2025-02-02 04:00:00+01:00,122.34
2025-02-02 05:00:00+01:00,123.41
2025-02-02 06:00:00+01:00,128.09
2025-02-02 07:00:00+01:00,135.9
2025-02-02 08:00:00+01:00,137.3
2025-02-02 09:00:00+01:00,137.7
2025-02-02 10:00:00+01:00,130.04
2025-02-02 11:00:00+01:00,129.33
2025-02-02 12:00:00+01:00,122.24
2025-02-02 13:00:00+01:00,111.88
2025-02-02 14:00:00+01:00,115.36
2025-02-02 15:00:00+01:00,124.01
2025-02-02 16:00:00+01:00,143.94
2025-02-02 17:00:00+01:00,159.44
2025-02-02 18:00:00+01:00,171.2
2025-02-02 19:00:00+01:00,173.95
2025-02-02 20:00:00+01:00,165.5
2025-02-02 21:00:00+01:00,155.77
2025-02-02 22:00:00+01:00,148.44
2025-02-02 23:00:00+01:00,133.24
2025-02-03 00:00:00+01:00,129.54
2025-02-03 01:00:00+01:00,126.63
2025-02-03 02:00:00+01:00,124.72
2025-02-03 03:00:00+01:00,120.04
2025-02-03 04:00:00+01:00,123.24
2025-02-03 05:00:00+01:00,127.77
2025-02-03 06:00:00+01:00,159.18
2025-02-03 07:00:00+01:00,207.88
2025-02-03 08:00:00+01:00,243.23
2025-02-03 09:00:00+01:00,178.04
2025-02-03 10:00:00+01:00,149.95
2025-02-03 11:00:00+01:00,125.02
2025-02-03 12:00:00+01:00,117.27
2025-02-03 13:00:00+01:00,114.93
2025-02-03 14:00:00+01:00,120.0
2025-02-03 15:00:00+01:00,127.1
2025-02-03 16:00:00+01:00,160.0
2025-02-03 17:00:00+01:00,204.71
2025-02-03 18:00:00+01:00,200.73
2025-02-03 19:00:00+01:00,201.1
2025-02-03 20:00:00+01:00,167.74
2025-02-03 21:00:00+01:00,153.0
2025-02-03 22:00:00+01:00,139.5
2025-02-03 23:00:00+01:00,135.81
2025-02-04 00:00:00+01:00,132.4
2025-02-04 01:00:00+01:00,125.54
2025-02-04 02:00:00+01:00,123.18
2025-02-04 03:00:00+01:00,123.99
2025-02-04 04:00:00+01:00,123.25
2025-02-04 05:00:00+01:00,127.63
2025-02-04 06:00:00+01:00,154.79
2025-02-04 07:00:00+01:00,149.5
2025-02-04 08:00:00+01:00,211.99
2025-02-04 09:00:00+01:00,163.31
2025-02-04 10:00:00+01:00,136.53
2025-02-04 11:00:00+01:00,125.0
2025-02-04 12:00:00+01:00,109.45
2025-02-04 13:00:00+01:00,113.06
2025-02-04 14:00:00+01:00,120.09
2025-02-04 15:00:00+01:00,119.15
2025-02-04 16:00:00+01:00,117.0
2025-02-04 17:00:00+01:00,149.6
2025-02-04 18:00:00+01:00,175.0
2025-02-04 19:00:00+01:00,140.0
2025-02-04 20:00:00+01:00,132.54
2025-02-04 21:00:00+01:00,131.96
2025-02-04 22:00:00+01:00,115.0
2025-02-04 23:00:00+01:00,94.9
2025-02-05 00:00:00+01:00,94.84
2025-02-05 01:00:00+01:00,98.84
2025-02-05 02:00:00+01:00,101.45
2025-02-05 03:00:00+01:00,99.9
2025-02-05 04:00:00+01:00,112.8
2025-02-05 05:00:00+01:00,121.71
2025-02-05 06:00:00+01:00,139.8
2025-02-05 07:00:00+01:00,161.7
2025-02-05 08:00:00+01:00,180.81
2025-02-05 09:00:00+01:00,159.33
2025-02-05 10:00:00+01:00,119.54
2025-02-05 11:00:00+01:00,100.95
2025-02-05 12:00:00+01:00,100.0
2025-02-05 13:00:00+01:00,111.85
2025-02-05 14:00:00+01:00,128.85
2025-02-05 15:00:00+01:00,144.12
2025-02-05 16:00:00+01:00,159.08
2025-02-05 17:00:00+01:00,176.77
2025-02-05 18:00:00+01:00,189.9
2025-02-05 19:00:00+01:00,189.63
2025-02-05 20:00:00+01:00,170.0
2025-02-05 21:00:00+01:00,155.42
2025-02-05 22:00:00+01:00,143.7
2025-02-05 23:00:00+01:00,128.57
2025-02-06 00:00:00+01:00,133.67
2025-02-06 01:00:00+01:00,126.84
2025-02-06 02:00:00+01:00,125.0
2025-02-06 03:00:00+01:00,125.0
2025-02-06 04:00:00+01:00,125.01
2025-02-06 05:00:00+01:00,120.09
2025-02-06 06:00:00+01:00,135.25
2025-02-06 07:00:00+01:00,180.09
2025-02-06 08:00:00+01:00,216.65
2025-02-06 09:00:00+01:00,178.62
2025-02-06 10:00:00+01:00,156.3
2025-02-06 11:00:00+01:00,122.0
2025-02-06 12:00:00+01:00,111.2
2025-02-06 13:00:00+01:00,99.9
2025-02-06 14:00:00+01:00,119.29
2025-02-06 15:00:00+01:00,117.79
2025-02-06 16:00:00+01:00,127.0
2025-02-06 17:00:00+01:00,167.43
2025-02-06 18:00:00+01:00,170.48
2025-02-06 19:00:00+01:00,162.95
2025-02-06 20:00:00+01:00,140.38
2025-02-06 21:00:00+01:00,129.75
2025-02-06 22:00:00+01:00,132.9
2025-02-06 23:00:00+01:00,121.95
2025-02-07 00:00:00+01:00,126.05
2025-02-07 01:00:00+01:00,112.7
2025-02-07 02:00:00+01:00,108.82
2025-02-07 03:00:00+01:00,105.0
2025-02-07 04:00:00+01:00,104.67
2025-02-07 05:00:00+01:00,105.31
2025-02-07 06:00:00+01:00,113.29
2025-02-07 07:00:00+01:00,141.93
2025-02-07 08:00:00+01:00,164.2
2025-02-07 09:00:00+01:00,150.35
2025-02-07 10:00:00+01:00,127.0
2025-02-07 11:00:00+01:00,91.63
2025-02-07 12:00:00+01:00,85.1
2025-02-07 13:00:00+01:00,89.19
2025-02-07 14:00:00+01:00,89.55
2025-02-07 15:00:00+01:00,102.1
2025-02-07 16:00:00+01:00,126.99
2025-02-07 17:00:00+01:00,143.0
2025-02-07 18:00:00+01:00,149.36
2025-02-07 19:00:00+01:00,134.0
2025-02-07 20:00:00+01:00,113.82
2025-02-07 21:00:00+01:00,95.0
2025-02-07 22:00:00+01:00,83.0
2025-02-07 23:00:00+01:00,89.5
2025-02-08 00:00:00+01:00,78.4
2025-02-08 01:00:00+01:00,72.5
2025-02-08 02:00:00+01:00,89.9
2025-02-08 03:00:00+01:00,90.0
2025-02-08 04:00:00+01:00,89.69
2025-02-08 05:00:00+01:00,90.99
2025-02-08 06:00:00+01:00,90.82
2025-02-08 07:00:00+01:00,96.0
2025-02-08 08:00:00+01:00,123.0
2025-02-08 09:00:00+01:00,133.35
2025-02-08 10:00:00+01:00,125.0
2025-02-08 11:00:00+01:00,111.7
2025-02-08 12:00:00+01:00,120.32
2025-02-08 13:00:00+01:00,149.9
2025-02-08 14:00:00+01:00,125.0
2025-02-08 15:00:00+01:00,118.0
2025-02-08 16:00:00+01:00,141.0
2025-02-08 17:00:00+01:00,150.19
2025-02-08 18:00:00+01:00,160.49
2025-02-08 19:00:00+01:00,165.36
2025-02-08 20:00:00+01:00,162.0
2025-02-08 21:00:00+01:00,149.0
2025-02-08 22:00:00+01:00,147.38
2025-02-08 23:00:00+01:00,142.3
2025-02-09 00:00:00+01:00,135.0
2025-02-09 01:00:00+01:00,135.7
2025-02-09 02:00:00+01:00,134.3
2025-02-09 03:00:00+01:00,119.3
2025-02-09 04:00:00+01:00,117.0
2025-02-09 05:00:00+01:00,117.0
2025-02-09 06:00:00+01:00,117.0
2025-02-09 07:00:00+01:00,133.43
2025-02-09 08:00:00+01:00,136.77
2025-02-09 09:00:00+01:00,124.87
2025-02-09 10:00:00+01:00,117.0
2025-02-09 11:00:00+01:00,104.3
2025-02-09 12:00:00+01:00,100.0
2025-02-09 13:00:00+01:00,96.86
2025-02-09 14:00:00+01:00,109.9
2025-02-09 15:00:00+01:00,120.4
2025-02-09 16:00:00+01:00,142.11
2025-02-09 17:00:00+01:00,148.79
2025-02-09 18:00:00+01:00,162.17
2025-02-09 19:00:00+01:00,132.0
2025-02-09 20:00:00+01:00,144.57
2025-02-09 21:00:00+01:00,142.95
2025-02-09 22:00:00+01:00,143.0
2025-02-09 23:00:00+01:00,119.08
2025-02-10 00:00:00+01:00,107.5
2025-02-10 01:00:00+01:00,86.32
2025-02-10 02:00:00+01:00,85.0
2025-02-10 03:00:00+01:00,89.3
2025-02-10 04:00:00+01:00,88.26
2025-02-10 05:00:00+01:00,96.94
2025-02-10 06:00:00+01:00,145.5
2025-02-10 07:00:00+01:00,154.0
2025-02-10 08:00:00+01:00,181.36
2025-02-10 09:00:00+01:00,163.18
2025-02-10 10:00:00+01:00,130.0
2025-02-10 11:00:00+01:00,120.27
2025-02-10 12:00:00+01:00,114.44
2025-02-10 13:00:00+01:00,115.02
2025-02-10 14:00:00+01:00,130.0
2025-02-10 15:00:00+01:00,128.54
2025-02-10 16:00:00+01:00,135.0
2025-02-10 17:00:00+01:00,140.9
2025-02-10 18:00:00+01:00,150.0
2025-02-10 19:00:00+01:00,120.48
2025-02-10 20:00:00+01:00,100.0
2025-02-10 21:00:00+01:00,95.17
2025-02-10 22:00:00+01:00,92.1
2025-02-10 23:00:00+01:00,90.5
2025-02-11 00:00:00+01:00,63.0
2025-02-11 01:00:00+01:00,65.0
2025-02-11 02:00:00+01:00,74.08
2025-02-11 03:00:00+01:00,77.75
2025-02-11 04:00:00+01:00,77.5
2025-02-11 05:00:00+01:00,91.55
2025-02-11 06:00:00+01:00,116.5
2025-02-11 07:00:00+01:00,143.11
2025-02-11 08:00:00+01:00,159.06
2025-02-11 09:00:00+01:00,163.76
2025-02-11 10:00:00+01:00,152.8
2025-02-11 11:00:00+01:00,140.0
2025-02-11 12:00:00+01:00,137.2
2025-02-11 13:00:00+01:00,132.8
2025-02-11 14:00:00+01:00,135.0
2025-02-11 15:00:00+01:00,143.92
2025-02-11 16:00:00+01:00,144.41
2025-02-11 17:00:00+01:00,160.48
2025-02-11 18:00:00+01:00,177.86
2025-02-11 19:00:00+01:00,167.45
2025-02-11 20:00:00+01:00,144.58
2025-02-11 21:00:00+01:00,140.1
2025-02-11 22:00:00+01:00,150.0
2025-02-11 23:00:00+01:00,136.16
2025-02-12 00:00:00+01:00,130.55
2025-02-12 01:00:00+01:00,128.13
2025-02-12 02:00:00+01:00,126.82
2025-02-12 03:00:00+01:00,126.59
2025-02-12 04:00:00+01:00,128.74
2025-02-12 05:00:00+01:00,131.3
2025-02-12 06:00:00+01:00,150.39
2025-02-12 07:00:00+01:00,163.2
2025-02-12 08:00:00+01:00,180.0
2025-02-12 09:00:00+01:00,174.92
2025-02-12 10:00:00+01:00,161.0
2025-02-12 11:00:00+01:00,136.0
2025-02-12 12:00:00+01:00,134.5
2025-02-12 13:00:00+01:00,142.3
2025-02-12 14:00:00+01:00,149.66
2025-02-12 15:00:00+01:00,159.99
2025-02-12 16:00:00+01:00,172.39
2025-02-12 17:00:00+01:00,183.01
2025-02-12 18:00:00+01:00,197.64
2025-02-12 19:00:00+01:00,192.86
2025-02-12 20:00:00+01:00,174.46
2025-02-12 21:00:00+01:00,156.06
2025-02-12 22:00:00+01:00,150.54
2025-02-12 23:00:00+01:00,142.04
2025-02-13 00:00:00+01:00,138.58
2025-02-13 01:00:00+01:00,135.12
2025-02-13 02:00:00+01:00,139.37
2025-02-13 03:00:00+01:00,133.75
2025-02-13 04:00:00+01:00,135.85
2025-02-13 05:00:00+01:00,135.0
2025-02-13 06:00:00+01:00,148.36
2025-02-13 07:00:00+01:00,188.55
2025-02-13 08:00:00+01:00,219.52
2025-02-13 09:00:00+01:00,214.1
2025-02-13 10:00:00+01:00,197.48
2025-02-13 11:00:00+01:00,180.07
2025-02-13 12:00:00+01:00,166.67
2025-02-13 13:00:00+01:00,164.14
2025-02-13 14:00:00+01:00,162.54
2025-02-13 15:00:00+01:00,164.5
2025-02-13 16:00:00+01:00,174.97
2025-02-13 17:00:00+01:00,205.16
2025-02-13 18:00:00+01:00,204.23
2025-02-13 19:00:00+01:00,196.52
2025-02-13 20:00:00+01:00,177.05
2025-02-13 21:00:00+01:00,162.92
2025-02-13 22:00:00+01:00,153.12
2025-02-13 23:00:00+01:00,138.97
2025-02-14 00:00:00+01:00,137.57
2025-02-14 01:00:00+01:00,132.76
2025-02-14 02:00:00+01:00,127.9
2025-02-14 03:00:00+01:00,125.55
2025-02-14 04:00:00+01:00,127.27
2025-02-14 05:00:00+01:00,137.63
2025-02-14 06:00:00+01:00,157.63
2025-02-14 07:00:00+01:00,216.19
2025-02-14 08:00:00+01:00,253.55
2025-02-14 09:00:00+01:00,209.39
2025-02-14 10:00:00+01:00,178.79
2025-02-14 11:00:00+01:00,160.0
2025-02-14 12:00:00+01:00,149.03
2025-02-14 13:00:00+01:00,145.28
2025-02-14 14:00:00+01:00,150.61
2025-02-14 15:00:00+01:00,167.11
2025-02-14 16:00:00+01:00,190.46
2025-02-14 17:00:00+01:00,275.26
2025-02-14 18:00:00+01:00,275.77
2025-02-14 19:00:00+01:00,221.86
2025-02-14 20:00:00+01:00,183.55
2025-02-14 21:00:00+01:00,163.2
2025-02-14 22:00:00+01:00,153.0
2025-02-14 23:00:00+01:00,140.03
2025-02-15 00:00:00+01:00,132.9
2025-02-15 01:00:00+01:00,128.04
2025-02-15 02:00:00+01:00,118.38
2025-02-15 03:00:00+01:00,115.19
2025-02-15 04:00:00+01:00,115.0
2025-02-15 05:00:00+01:00,117.08
2025-02-15 06:00:00+01:00,129.54
2025-02-15 07:00:00+01:00,145.07
2025-02-15 08:00:00+01:00,148.58
2025-02-15 09:00:00+01:00,136.83
2025-02-15 10:00:00+01:00,124.59
2025-02-15 11:00:00+01:00,118.36
2025-02-15 12:00:00+01:00,112.39
2025-02-15 13:00:00+01:00,110.01
2025-02-15 14:00:00+01:00,114.64
2025-02-15 15:00:00+01:00,124.72
2025-02-15 16:00:00+01:00,140.0
2025-02-15 17:00:00+01:00,158.66
2025-02-15 18:00:00+01:00,170.53
2025-02-15 19:00:00+01:00,163.91
2025-02-15 20:00:00+01:00,147.29
2025-02-15 21:00:00+01:00,128.06
2025-02-15 22:00:00+01:00,131.63
2025-02-15 23:00:00+01:00,124.71
2025-02-16 00:00:00+01:00,134.11
2025-02-16 01:00:00+01:00,128.9
2025-02-16 02:00:00+01:00,123.57
2025-02-16 03:00:00+01:00,119.9
2025-02-16 04:00:00+01:00,119.57
2025-02-16 05:00:00+01:00,120.19
2025-02-16 06:00:00+01:00,120.0
2025-02-16 07:00:00+01:00,127.64
2025-02-16 08:00:00+01:00,129.6
2025-02-16 09:00:00+01:00,130.4
2025-02-16 10:00:00+01:00,124.11
2025-02-16 11:00:00+01:00,117.25
2025-02-16 12:00:00+01:00,121.3
2025-02-16 13:00:00+01:00,108.21
2025-02-16 14:00:00+01:00,109.84
2025-02-16 15:00:00+01:00,124.45
2025-02-16 16:00:00+01:00,132.95
2025-02-16 17:00:00+01:00,149.08
2025-02-16 18:00:00+01:00,165.01
2025-02-16 19:00:00+01:00,160.89
2025-02-16 20:00:00+01:00,153.72
2025-02-16 21:00:00+01:00,139.35
2025-02-16 22:00:00+01:00,137.6
2025-02-16 23:00:00+01:00,131.51
2025-02-17 00:00:00+01:00,128.05
2025-02-17 01:00:00+01:00,121.06
2025-02-17 02:00:00+01:00,120.34
2025-02-17 03:00:00+01:00,123.94
2025-02-17 04:00:00+01:00,126.74
2025-02-17 05:00:00+01:00,129.91
2025-02-17 06:00:00+01:00,149.22
2025-02-17 07:00:00+01:00,204.74
2025-02-17 08:00:00+01:00,209.79
2025-02-17 09:00:00+01:00,171.3
2025-02-17 10:00:00+01:00,139.67
2025-02-17 11:00:00+01:00,117.2
2025-02-17 12:00:00+01:00,109.54
2025-02-17 13:00:00+01:00,106.79
2025-02-17 14:00:00+01:00,111.75
2025-02-17 15:00:00+01:00,130.0
2025-02-17 16:00:00+01:00,155.43
2025-02-17 17:00:00+01:00,213.0
2025-02-17 18:00:00+01:00,262.37
2025-02-17 19:00:00+01:00,215.43
2025-02-17 20:00:00+01:00,177.93
2025-02-17 21:00:00+01:00,155.3
2025-02-17 22:00:00+01:00,139.39
2025-02-17 23:00:00+01:00,129.72
2025-02-18 00:00:00+01:00,133.01
2025-02-18 01:00:00+01:00,125.06
2025-02-18 02:00:00+01:00,123.62
2025-02-18 03:00:00+01:00,116.62
2025-02-18 04:00:00+01:00,115.08
2025-02-18 05:00:00+01:00,121.52
2025-02-18 06:00:00+01:00,139.1
2025-02-18 07:00:00+01:00,179.87
2025-02-18 08:00:00+01:00,193.8
2025-02-18 09:00:00+01:00,143.23
2025-02-18 10:00:00+01:00,124.54
2025-02-18 11:00:00+01:00,110.1
2025-02-18 12:00:00+01:00,94.54
2025-02-18 13:00:00+01:00,90.0
2025-02-18 14:00:00+01:00,98.35
2025-02-18 15:00:00+01:00,110.0
2025-02-18 16:00:00+01:00,126.0
2025-02-18 17:00:00+01:00,172.38
2025-02-18 18:00:00+01:00,173.28
2025-02-18 19:00:00+01:00,155.33
2025-02-18 20:00:00+01:00,141.96
2025-02-18 21:00:00+01:00,130.16
2025-02-18 22:00:00+01:00,121.92
2025-02-18 23:00:00+01:00,114.86
2025-02-19 00:00:00+01:00,104.95
2025-02-19 01:00:00+01:00,99.7
2025-02-19 02:00:00+01:00,99.7
2025-02-19 03:00:00+01:00,97.67
2025-02-19 04:00:00+01:00,94.86
2025-02-19 05:00:00+01:00,98.63
2025-02-19 06:00:00+01:00,115.0
2025-02-19 07:00:00+01:00,149.5
2025-02-19 08:00:00+01:00,166.71
2025-02-19 09:00:00+01:00,123.3
2025-02-19 10:00:00+01:00,95.1
2025-02-19 11:00:00+01:00,73.42
2025-02-19 12:00:00+01:00,75.0
2025-02-19 13:00:00+01:00,78.3
2025-02-19 14:00:00+01:00,80.0
2025-02-19 15:00:00+01:00,90.63
2025-02-19 16:00:00+01:00,113.39
2025-02-19 17:00:00+01:00,132.0
2025-02-19 18:00:00+01:00,145.73
2025-02-19 19:00:00+01:00,146.43
2025-02-19 20:00:00+01:00,122.81
2025-02-19 21:00:00+01:00,115.16
2025-02-19 22:00:00+01:00,120.93
2025-02-19 23:00:00+01:00,100.0
2025-02-20 00:00:00+01:00,87.65
2025-02-20 01:00:00+01:00,86.67
2025-02-20 02:00:00+01:00,85.98
2025-02-20 03:00:00+01:00,84.59
2025-02-20 04:00:00+01:00,82.95
2025-02-20 05:00:00+01:00,83.73
2025-02-20 06:00:00+01:00,90.53
2025-02-20 07:00:00+01:00,111.17
2025-02-20 08:00:00+01:00,130.7
2025-02-20 09:00:00+01:00,127.71
2025-02-20 10:00:00+01:00,103.58
2025-02-20 11:00:00+01:00,87.39
2025-02-20 12:00:00+01:00,87.06
2025-02-20 13:00:00+01:00,84.45
2025-02-20 14:00:00+01:00,84.78
2025-02-20 15:00:00+01:00,89.43
2025-02-20 16:00:00+01:00,96.13
2025-02-20 17:00:00+01:00,110.09
2025-02-20 18:00:00+01:00,116.05
2025-02-20 19:00:00+01:00,125.84
2025-02-20 20:00:00+01:00,102.7
2025-02-20 21:00:00+01:00,92.78
2025-02-20 22:00:00+01:00,93.04
2025-02-20 23:00:00+01:00,84.31
2025-02-21 00:00:00+01:00,74.03
2025-02-21 01:00:00+01:00,70.09
2025-02-21 02:00:00+01:00,74.99
2025-02-21 03:00:00+01:00,76.25
2025-02-21 04:00:00+01:00,74.0
2025-02-21 05:00:00+01:00,72.97
2025-02-21 06:00:00+01:00,96.87
2025-02-21 07:00:00+01:00,140.24
2025-02-21 08:00:00+01:00,135.02
2025-02-21 09:00:00+01:00,112.2
2025-02-21 10:00:00+01:00,92.01
2025-02-21 11:00:00+01:00,76.44
2025-02-21 12:00:00+01:00,65.0
2025-02-21 13:00:00+01:00,63.2
2025-02-21 14:00:00+01:00,69.47
2025-02-21 15:00:00+01:00,75.49
2025-02-21 16:00:00+01:00,93.09
2025-02-21 17:00:00+01:00,98.77
2025-02-21 18:00:00+01:00,101.13
2025-02-21 19:00:00+01:00,85.01
2025-02-21 20:00:00+01:00,82.01
2025-02-21 21:00:00+01:00,71.33
2025-02-21 22:00:00+01:00,70.89
2025-02-21 23:00:00+01:00,66.09
2025-02-22 00:00:00+01:00,53.83
2025-02-22 01:00:00+01:00,49.16
2025-02-22 02:00:00+01:00,47.7
2025-02-22 03:00:00+01:00,41.34
2025-02-22 04:00:00+01:00,39.79
2025-02-22 05:00:00+01:00,50.14
2025-02-22 06:00:00+01:00,53.31
2025-02-22 07:00:00+01:00,64.9
2025-02-22 08:00:00+01:00,70.0
2025-02-22 09:00:00+01:00,80.0
2025-02-22 10:00:00+01:00,82.75
2025-02-22 11:00:00+01:00,85.0
2025-02-22 12:00:00+01:00,90.25
2025-02-22 13:00:00+01:00,66.61
2025-02-22 14:00:00+01:00,67.45
2025-02-22 15:00:00+01:00,81.68
2025-02-22 16:00:00+01:00,97.75
2025-02-22 17:00:00+01:00,131.8
2025-02-22 18:00:00+01:00,146.0
2025-02-22 19:00:00+01:00,153.65
2025-02-22 20:00:00+01:00,147.21
2025-02-22 21:00:00+01:00,116.18
2025-02-22 22:00:00+01:00,122.0
2025-02-22 23:00:00+01:00,119.48
2025-02-23 00:00:00+01:00,106.0
2025-02-23 01:00:00+01:00,92.6
2025-02-23 02:00:00+01:00,87.02
2025-02-23 03:00:00+01:00,83.63
2025-02-23 04:00:00+01:00,84.3
2025-02-23 05:00:00+01:00,85.79
2025-02-23 06:00:00+01:00,86.62
2025-02-23 07:00:00+01:00,103.35
2025-02-23 08:00:00+01:00,106.22
2025-02-23 09:00:00+01:00,93.0
2025-02-23 10:00:00+01:00,76.13
2025-02-23 11:00:00+01:00,60.46
2025-02-23 12:00:00+01:00,49.81
2025-02-23 13:00:00+01:00,33.35
2025-02-23 14:00:00+01:00,30.79
2025-02-23 15:00:00+01:00,43.81
2025-02-23 16:00:00+01:00,75.7
2025-02-23 17:00:00+01:00,135.59
2025-02-23 18:00:00+01:00,143.39
2025-02-23 19:00:00+01:00,117.55
2025-02-23 20:00:00+01:00,95.61
2025-02-23 21:00:00+01:00,77.19
2025-02-23 22:00:00+01:00,67.97
2025-02-23 23:00:00+01:00,60.1
2025-02-24 00:00:00+01:00,10.0
2025-02-24 01:00:00+01:00,11.89
2025-02-24 02:00:00+01:00,12.43
2025-02-24 03:00:00+01:00,7.68
2025-02-24 04:00:00+01:00,3.93
2025-02-24 05:00:00+01:00,7.0
2025-02-24 06:00:00+01:00,52.0
2025-02-24 07:00:00+01:00,89.29
2025-02-24 08:00:00+01:00,110.33
2025-02-24 09:00:00+01:00,95.5
2025-02-24 10:00:00+01:00,81.86
2025-02-24 11:00:00+01:00,85.0
2025-02-24 12:00:00+01:00,83.04
2025-02-24 13:00:00+01:00,84.19
2025-02-24 14:00:00+01:00,87.36
2025-02-24 15:00:00+01:00,93.2
2025-02-24 16:00:00+01:00,103.55
2025-02-24 17:00:00+01:00,114.53
2025-02-24 18:00:00+01:00,140.7
2025-02-24 19:00:00+01:00,150.71
2025-02-24 20:00:00+01:00,130.66
2025-02-24 21:00:00+01:00,113.0
2025-02-24 22:00:00+01:00,111.96
2025-02-24 23:00:00+01:00,106.85
2025-02-25 00:00:00+01:00,90.58
2025-02-25 01:00:00+01:00,89.97
2025-02-25 02:00:00+01:00,92.42
2025-02-25 03:00:00+01:00,92.44
2025-02-25 04:00:00+01:00,94.32
2025-02-25 05:00:00+01:00,103.5
2025-02-25 06:00:00+01:00,140.0
2025-02-25 07:00:00+01:00,159.41
2025-02-25 08:00:00+01:00,166.48
2025-02-25 09:00:00+01:00,149.61
2025-02-25 10:00:00+01:00,134.88
2025-02-25 11:00:00+01:00,121.83
2025-02-25 12:00:00+01:00,118.5
2025-02-25 13:00:00+01:00,117.56
2025-02-25 14:00:00+01:00,124.39
2025-02-25 15:00:00+01:00,134.67
2025-02-25 16:00:00+01:00,157.96
2025-02-25 17:00:00+01:00,194.93
2025-02-25 18:00:00+01:00,215.8
2025-02-25 19:00:00+01:00,179.45
2025-02-25 20:00:00+01:00,154.28
2025-02-25 21:00:00+01:00,138.97
2025-02-25 22:00:00+01:00,126.41
2025-02-25 23:00:00+01:00,112.09
2025-02-26 00:00:00+01:00,119.08
2025-02-26 01:00:00+01:00,113.54
2025-02-26 02:00:00+01:00,112.78
2025-02-26 03:00:00+01:00,110.85
2025-02-26 04:00:00+01:00,111.69
2025-02-26 05:00:00+01:00,113.89
2025-02-26 06:00:00+01:00,128.45
2025-02-26 07:00:00+01:00,156.72
2025-02-26 08:00:00+01:00,168.15
2025-02-26 09:00:00+01:00,154.85
2025-02-26 10:00:00+01:00,133.11
2025-02-26 11:00:00+01:00,100.0
2025-02-26 12:00:00+01:00,85.49
2025-02-26 13:00:00+01:00,80.0
2025-02-26 14:00:00+01:00,86.2
2025-02-26 15:00:00+01:00,115.8
2025-02-26 16:00:00+01:00,109.63
2025-02-26 17:00:00+01:00,145.96
2025-02-26 18:00:00+01:00,159.05
2025-02-26 19:00:00+01:00,152.12
2025-02-26 20:00:00+01:00,141.56
2025-02-26 21:00:00+01:00,118.44
2025-02-26 22:00:00+01:00,120.94
2025-02-26 23:00:00+01:00,112.58
2025-02-27 00:00:00+01:00,101.65
2025-02-27 01:00:00+01:00,103.81
2025-02-27 02:00:00+01:00,101.24
2025-02-27 03:00:00+01:00,99.6
2025-02-27 04:00:00+01:00,100.41
2025-02-27 05:00:00+01:00,105.62
2025-02-27 06:00:00+01:00,115.15
2025-02-27 07:00:00+01:00,151.24
2025-02-27 08:00:00+01:00,159.15
2025-02-27 09:00:00+01:00,140.0
2025-02-27 10:00:00+01:00,126.01
2025-02-27 11:00:00+01:00,108.12
2025-02-27 12:00:00+01:00,99.95
2025-02-27 13:00:00+01:00,97.5
2025-02-27 14:00:00+01:00,99.8
2025-02-27 15:00:00+01:00,100.0
2025-02-27 16:00:00+01:00,116.47
2025-02-27 17:00:00+01:00,144.51
2025-02-27 18:00:00+01:00,168.87
2025-02-27 19:00:00+01:00,146.0
2025-02-27 20:00:00+01:00,129.25
2025-02-27 21:00:00+01:00,104.9
2025-02-27 22:00:00+01:00,104.2
2025-02-27 23:00:00+01:00,105.26
2025-02-28 00:00:00+01:00,97.1
2025-02-28 01:00:00+01:00,110.54
2025-02-28 02:00:00+01:00,109.38
2025-02-28 03:00:00+01:00,106.58
2025-02-28 04:00:00+01:00,110.53
2025-02-28 05:00:00+01:00,111.12
2025-02-28 06:00:00+01:00,116.86
2025-02-28 07:00:00+01:00,148.83
2025-02-28 08:00:00+01:00,160.45
2025-02-28 09:00:00+01:00,141.07
2025-02-28 10:00:00+01:00,123.19
2025-02-28 11:00:00+01:00,110.0
2025-02-28 12:00:00+01:00,96.4
2025-02-28 13:00:00+01:00,91.5
2025-02-28 14:00:00+01:00,92.0
2025-02-28 15:00:00+01:00,101.15
2025-02-28 16:00:00+01:00,124.1
2025-02-28 17:00:00+01:00,147.72
2025-02-28 18:00:00+01:00,156.63
2025-02-28 19:00:00+01:00,158.0
2025-02-28 20:00:00+01:00,142.69
2025-02-28 21:00:00+01:00,131.31
2025-02-28 22:00:00+01:00,125.54
2025-02-28 23:00:00+01:00,117.21
2025-03-01 00:00:00+01:00,126.47
2025-03-01 01:00:00+01:00,119.47
2025-03-01 02:00:00+01:00,116.61
2025-03-01 03:00:00+01:00,109.9
2025-03-01 04:00:00+01:00,108.05
2025-03-01 05:00:00+01:00,111.88
2025-03-01 06:00:00+01:00,117.1
2025-03-01 07:00:00+01:00,133.82
2025-03-01 08:00:00+01:00,136.25
2025-03-01 09:00:00+01:00,133.48
2025-03-01 10:00:00+01:00,119.44
2025-03-01 11:00:00+01:00,106.43
2025-03-01 12:00:00+01:00,98.63
2025-03-01 13:00:00+01:00,91.41
2025-03-01 14:00:00+01:00,89.1
2025-03-01 15:00:00+01:00,96.4
2025-03-01 16:00:00+01:00,113.54
2025-03-01 17:00:00+01:00,134.81
2025-03-01 18:00:00+01:00,152.0
2025-03-01 19:00:00+01:00,146.76
2025-03-01 20:00:00+01:00,133.41
2025-03-01 21:00:00+01:00,125.43
2025-03-01 22:00:00+01:00,122.03
2025-03-01 23:00:00+01:00,119.92
2025-03-02 00:00:00+01:00,123.97
2025-03-02 01:00:00+01:00,107.72
2025-03-02 02:00:00+01:00,99.41
2025-03-02 03:00:00+01:00,93.19
2025-03-02 04:00:00+01:00,94.49
2025-03-02 05:00:00+01:00,94.3
2025-03-02 06:00:00+01:00,96.43
2025-03-02 07:00:00+01:00,103.0
2025-03-02 08:00:00+01:00,103.23
2025-03-02 09:00:00+01:00,89.0
2025-03-02 10:00:00+01:00,68.3
2025-03-02 11:00:00+01:00,49.0
2025-03-02 12:00:00+01:00,27.5
2025-03-02 13:00:00+01:00,-3.0
2025-03-02 14:00:00+01:00,-3.86
2025-03-02 15:00:00+01:00,50.7
2025-03-02 16:00:00+01:00,79.9
2025-03-02 17:00:00+01:00,122.02
2025-03-02 18:00:00+01:00,141.05
2025-03-02 19:00:00+01:00,146.38
2025-03-02 20:00:00+01:00,133.35
2025-03-02 21:00:00+01:00,120.44
2025-03-02 22:00:00+01:00,120.86
2025-03-02 23:00:00+01:00,112.83
2025-03-03 00:00:00+01:00,108.28
2025-03-03 01:00:00+01:00,103.85
2025-03-03 02:00:00+01:00,102.93
2025-03-03 03:00:00+01:00,99.8
2025-03-03 04:00:00+01:00,103.47
2025-03-03 05:00:00+01:00,116.81
2025-03-03 06:00:00+01:00,137.55
2025-03-03 07:00:00+01:00,163.0
2025-03-03 08:00:00+01:00,146.0
2025-03-03 09:00:00+01:00,90.0
2025-03-03 10:00:00+01:00,80.0
2025-03-03 11:00:00+01:00,6.4
2025-03-03 12:00:00+01:00,0.33
2025-03-03 13:00:00+01:00,-1.76
2025-03-03 14:00:00+01:00,60.47
2025-03-03 15:00:00+01:00,83.47
2025-03-03 16:00:00+01:00,106.3
2025-03-03 17:00:00+01:00,142.75
2025-03-03 18:00:00+01:00,180.05
2025-03-03 19:00:00+01:00,175.82
2025-03-03 20:00:00+01:00,150.28
2025-03-03 21:00:00+01:00,127.39
2025-03-03 22:00:00+01:00,125.1
2025-03-03 23:00:00+01:00,122.79
2025-03-04 00:00:00+01:00,121.29
2025-03-04 01:00:00+01:00,109.76
2025-03-04 02:00:00+01:00,103.99
2025-03-04 03:00:00+01:00,104.95
2025-03-04 04:00:00+01:00,100.62
2025-03-04 05:00:00+01:00,110.39
2025-03-04 06:00:00+01:00,138.11
2025-03-04 07:00:00+01:00,169.62
2025-03-04 08:00:00+01:00,141.95
2025-03-04 09:00:00+01:00,122.0
2025-03-04 10:00:00+01:00,89.97
2025-03-04 11:00:00+01:00,30.0
2025-03-04 12:00:00+01:00,-3.0
2025-03-04 13:00:00+01:00,4.04
2025-03-04 14:00:00+01:00,51.78
2025-03-04 15:00:00+01:00,81.52
2025-03-04 16:00:00+01:00,109.0
2025-03-04 17:00:00+01:00,142.58
2025-03-04 18:00:00+01:00,173.93
2025-03-04 19:00:00+01:00,163.95
2025-03-04 20:00:00+01:00,133.4
2025-03-04 21:00:00+01:00,114.85
2025-03-04 22:00:00+01:00,114.29
2025-03-04 23:00:00+01:00,107.29
2025-03-05 00:00:00+01:00,92.0
2025-03-05 01:00:00+01:00,92.9
2025-03-05 02:00:00+01:00,84.6
2025-03-05 03:00:00+01:00,80.32
2025-03-05 04:00:00+01:00,82.23
2025-03-05 05:00:00+01:00,92.37
2025-03-05 06:00:00+01:00,116.08
2025-03-05 07:00:00+01:00,140.49
2025-03-05 08:00:00+01:00,141.52
2025-03-05 09:00:00+01:00,44.23
2025-03-05 10:00:00+01:00,-6.24
2025-03-05 11:00:00+01:00,-11.0
2025-03-05 12:00:00+01:00,-20.35
2025-03-05 13:00:00+01:00,-8.85
2025-03-05 14:00:00+01:00,-2.0
2025-03-05 15:00:00+01:00,48.38
2025-03-05 16:00:00+01:00,86.1
2025-03-05 17:00:00+01:00,127.09
2025-03-05 18:00:00+01:00,143.78
2025-03-05 19:00:00+01:00,146.16
2025-03-05 20:00:00+01:00,122.31
2025-03-05 21:00:00+01:00,107.92
2025-03-05 22:00:00+01:00,108.78
2025-03-05 23:00:00+01:00,97.39
2025-03-06 00:00:00+01:00,84.1
2025-03-06 01:00:00+01:00,84.14
2025-03-06 02:00:00+01:00,84.83
2025-03-06 03:00:00+01:00,84.59
2025-03-06 04:00:00+01:00,90.1
2025-03-06 05:00:00+01:00,93.53
2025-03-06 06:00:00+01:00,132.87
2025-03-06 07:00:00+01:00,147.24
2025-03-06 08:00:00+01:00,108.5
2025-03-06 09:00:00+01:00,78.72
2025-03-06 10:00:00+01:00,50.62
2025-03-06 11:00:00+01:00,1.58
2025-03-06 12:00:00+01:00,-4.47
2025-03-06 13:00:00+01:00,-2.04
2025-03-06 14:00:00+01:00,13.16
2025-03-06 15:00:00+01:00,63.61
2025-03-06 16:00:00+01:00,100.56
2025-03-06 17:00:00+01:00,136.82
2025-03-06 18:00:00+01:00,155.73
2025-03-06 19:00:00+01:00,132.33
2025-03-06 20:00:00+01:00,110.7
2025-03-06 21:00:00+01:00,103.37
2025-03-06 22:00:00+01:00,96.4
2025-03-06 23:00:00+01:00,86.0
2025-03-07 00:00:00+01:00,84.58
2025-03-07 01:00:00+01:00,86.0
2025-03-07 02:00:00+01:00,87.0
2025-03-07 03:00:00+01:00,85.88
2025-03-07 04:00:00+01:00,90.0
2025-03-07 05:00:00+01:00,101.3
2025-03-07 06:00:00+01:00,107.2
2025-03-07 07:00:00+01:00,136.59
2025-03-07 08:00:00+01:00,117.01
2025-03-07 09:00:00+01:00,82.11
2025-03-07 10:00:00+01:00,63.37
2025-03-07 11:00:00+01:00,31.81
2025-03-07 12:00:00+01:00,12.79
2025-03-07 13:00:00+01:00,6.79
2025-03-07 14:00:00+01:00,32.92
2025-03-07 15:00:00+01:00,69.98
2025-03-07 16:00:00+01:00,110.0
2025-03-07 17:00:00+01:00,134.83
2025-03-07 18:00:00+01:00,195.47
2025-03-07 19:00:00+01:00,165.8
2025-03-07 20:00:00+01:00,136.11
2025-03-07 21:00:00+01:00,118.55
2025-03-07 22:00:00+01:00,109.12
2025-03-07 23:00:00+01:00,102.42
2025-03-08 00:00:00+01:00,117.57
2025-03-08 01:00:00+01:00,102.51
2025-03-08 02:00:00+01:00,97.0
2025-03-08 03:00:00+01:00,99.36
2025-03-08 04:00:00+01:00,100.71
2025-03-08 05:00:00+01:00,103.41
2025-03-08 06:00:00+01:00,114.9
2025-03-08 07:00:00+01:00,110.0
2025-03-08 08:00:00+01:00,98.04
2025-03-08 09:00:00+01:00,72.54
2025-03-08 10:00:00+01:00,18.05
2025-03-08 11:00:00+01:00,1.52
2025-03-08 12:00:00+01:00,-3.66
2025-03-08 13:00:00+01:00,-0.51
2025-03-08 14:00:00+01:00,0.07
2025-03-08 15:00:00+01:00,45.36
2025-03-08 16:00:00+01:00,84.59
2025-03-08 17:00:00+01:00,130.42
2025-03-08 18:00:00+01:00,150.9
2025-03-08 19:00:00+01:00,122.35
2025-03-08 20:00:00+01:00,99.06
2025-03-08 21:00:00+01:00,90.18
2025-03-08 22:00:00+01:00,88.06
2025-03-08 23:00:00+01:00,86.48
2025-03-09 00:00:00+01:00,84.97
2025-03-09 01:00:00+01:00,86.8
2025-03-09 02:00:00+01:00,85.7
2025-03-09 03:00:00+01:00,95.86
2025-03-09 04:00:00+01:00,97.72
2025-03-09 05:00:00+01:00,99.85
2025-03-09 06:00:00+01:00,100.0
2025-03-09 07:00:00+01:00,87.34
2025-03-09 08:00:00+01:00,62.21
2025-03-09 09:00:00+01:00,29.27
2025-03-09 10:00:00+01:00,10.1
2025-03-09 11:00:00+01:00,-6.55
2025-03-09 12:00:00+01:00,-12.77
2025-03-09 13:00:00+01:00,-8.06
2025-03-09 14:00:00+01:00,-2.21
2025-03-09 15:00:00+01:00,17.39
2025-03-09 16:00:00+01:00,81.0
2025-03-09 17:00:00+01:00,112.06
2025-03-09 18:00:00+01:00,127.46
2025-03-09 19:00:00+01:00,134.63
2025-03-09 20:00:00+01:00,129.78
2025-03-09 21:00:00+01:00,121.44
2025-03-09 22:00:00+01:00,110.01
2025-03-09 23:00:00+01:00,103.64
2025-03-10 00:00:00+01:00,94.94
2025-03-10 01:00:00+01:00,91.98
2025-03-10 02:00:00+01:00,92.64
2025-03-10 03:00:00+01:00,92.56
2025-03-10 04:00:00+01:00,89.98
2025-03-10 05:00:00+01:00,101.14
2025-03-10 06:00:00+01:00,141.76
2025-03-10 07:00:00+01:00,149.92
2025-03-10 08:00:00+01:00,133.32
2025-03-10 09:00:00+01:00,98.22
2025-03-10 10:00:00+01:00,84.12
2025-03-10 11:00:00+01:00,77.88
2025-03-10 12:00:00+01:00,76.02
2025-03-10 13:00:00+01:00,77.32
2025-03-10 14:00:00+01:00,81.9
2025-03-10 15:00:00+01:00,90.54
2025-03-10 16:00:00+01:00,109.4
2025-03-10 17:00:00+01:00,136.2
2025-03-10 18:00:00+01:00,165.35
2025-03-10 19:00:00+01:00,156.89
2025-03-10 20:00:00+01:00,123.2
2025-03-10 21:00:00+01:00,108.6
2025-03-10 22:00:00+01:00,105.16
2025-03-10 23:00:00+01:00,96.32
2025-03-11 00:00:00+01:00,100.64
2025-03-11 01:00:00+01:00,97.61
2025-03-11 02:00:00+01:00,97.56
2025-03-11 03:00:00+01:00,97.43
2025-03-11 04:00:00+01:00,97.11
2025-03-11 05:00:00+01:00,103.49
2025-03-11 06:00:00+01:00,91.88
2025-03-11 07:00:00+01:00,139.02
2025-03-11 08:00:00+01:00,138.58
2025-03-11 09:00:00+01:00,125.4
2025-03-11 10:00:00+01:00,101.52
2025-03-11 11:00:00+01:00,96.23
2025-03-11 12:00:00+01:00,94.16
2025-03-11 13:00:00+01:00,94.78
2025-03-11 14:00:00+01:00,98.05
2025-03-11 15:00:00+01:00,106.49
2025-03-11 16:00:00+01:00,119.51
2025-03-11 17:00:00+01:00,139.37
2025-03-11 18:00:00+01:00,170.88
2025-03-11 19:00:00+01:00,169.67
2025-03-11 20:00:00+01:00,144.93
2025-03-11 21:00:00+01:00,130.84
2025-03-11 22:00:00+01:00,117.4
2025-03-11 23:00:00+01:00,106.83
2025-03-12 00:00:00+01:00,100.93
2025-03-12 01:00:00+01:00,98.68
2025-03-12 02:00:00+01:00,96.97
2025-03-12 03:00:00+01:00,95.36
2025-03-12 04:00:00+01:00,97.7
2025-03-12 05:00:00+01:00,103.92
2025-03-12 06:00:00+01:00,130.43
2025-03-12 07:00:00+01:00,142.01
2025-03-12 08:00:00+01:00,140.1
2025-03-12 09:00:00+01:00,125.0
2025-03-12 10:00:00+01:00,102.65
2025-03-12 11:00:00+01:00,98.93
2025-03-12 12:00:00+01:00,97.74
2025-03-12 13:00:00+01:00,92.62
2025-03-12 14:00:00+01:00,96.8
2025-03-12 15:00:00+01:00,100.1
2025-03-12 16:00:00+01:00,113.0
2025-03-12 17:00:00+01:00,138.06
2025-03-12 18:00:00+01:00,189.38
2025-03-12 19:00:00+01:00,179.12
2025-03-12 20:00:00+01:00,147.8
2025-03-12 21:00:00+01:00,132.2
2025-03-12 22:00:00+01:00,120.0
2025-03-12 23:00:00+01:00,109.91
2025-03-13 00:00:00+01:00,108.52
2025-03-13 01:00:00+01:00,102.51
2025-03-13 02:00:00+01:00,99.59
2025-03-13 03:00:00+01:00,96.65
2025-03-13 04:00:00+01:00,97.19
2025-03-13 05:00:00+01:00,105.11
2025-03-13 06:00:00+01:00,131.27
2025-03-13 07:00:00+01:00,155.96
2025-03-13 08:00:00+01:00,155.1
2025-03-13 09:00:00+01:00,130.68
2025-03-13 10:00:00+01:00,120.4
2025-03-13 11:00:00+01:00,103.0
2025-03-13 12:00:00+01:00,95.62
2025-03-13 13:00:00+01:00,96.9
2025-03-13 14:00:00+01:00,104.0
2025-03-13 15:00:00+01:00,104.0
2025-03-13 16:00:00+01:00,108.81
2025-03-13 17:00:00+01:00,138.19
2025-03-13 18:00:00+01:00,166.05
2025-03-13 19:00:00+01:00,173.47
2025-03-13 20:00:00+01:00,149.0
2025-03-13 21:00:00+01:00,135.69
2025-03-13 22:00:00+01:00,123.48
2025-03-13 23:00:00+01:00,111.63
2025-03-14 00:00:00+01:00,109.09
2025-03-14 01:00:00+01:00,106.0
2025-03-14 02:00:00+01:00,105.9
2025-03-14 03:00:00+01:00,103.83
2025-03-14 04:00:00+01:00,105.3
2025-03-14 05:00:00+01:00,113.61
2025-03-14 06:00:00+01:00,140.97
2025-03-14 07:00:00+01:00,155.02
2025-03-14 08:00:00+01:00,153.05
2025-03-14 09:00:00+01:00,131.9
2025-03-14 10:00:00+01:00,111.81
2025-03-14 11:00:00+01:00,101.2
2025-03-14 12:00:00+01:00,98.64
2025-03-14 13:00:00+01:00,100.0
2025-03-14 14:00:00+01:00,91.12
2025-03-14 15:00:00+01:00,106.5
2025-03-14 16:00:00+01:00,115.6
2025-03-14 17:00:00+01:00,133.74
2025-03-14 18:00:00+01:00,145.69
2025-03-14 19:00:00+01:00,150.85
2025-03-14 20:00:00+01:00,130.01
2025-03-14 21:00:00+01:00,111.39
2025-03-14 22:00:00+01:00,114.0
2025-03-14 23:00:00+01:00,105.17
2025-03-15 00:00:00+01:00,112.15
2025-03-15 01:00:00+01:00,103.14
2025-03-15 02:00:00+01:00,96.0
2025-03-15 03:00:00+01:00,89.9
2025-03-15 04:00:00+01:00,86.9
2025-03-15 05:00:00+01:00,90.55
2025-03-15 06:00:00+01:00,97.01
2025-03-15 07:00:00+01:00,99.42
2025-03-15 08:00:00+01:00,98.74
2025-03-15 09:00:00+01:00,86.36
2025-03-15 10:00:00+01:00,72.48
2025-03-15 11:00:00+01:00,66.73
2025-03-15 12:00:00+01:00,57.22
2025-03-15 13:00:00+01:00,48.0
2025-03-15 14:00:00+01:00,54.51
2025-03-15 15:00:00+01:00,64.63
2025-03-15 16:00:00+01:00,79.76
2025-03-15 17:00:00+01:00,115.65
2025-03-15 18:00:00+01:00,127.48
2025-03-15 19:00:00+01:00,132.96
2025-03-15 20:00:00+01:00,121.46
2025-03-15 21:00:00+01:00,108.5
2025-03-15 22:00:00+01:00,105.02
2025-03-15 23:00:00+01:00,95.25
2025-03-16 00:00:00+01:00,90.01
2025-03-16 01:00:00+01:00,85.79
2025-03-16 02:00:00+01:00,79.62
2025-03-16 03:00:00+01:00,78.18
2025-03-16 04:00:00+01:00,78.6
2025-03-16 05:00:00+01:00,80.51
2025-03-16 06:00:00+01:00,85.14
2025-03-16 07:00:00+01:00,82.07
2025-03-16 08:00:00+01:00,77.95
2025-03-16 09:00:00+01:00,57.4
2025-03-16 10:00:00+01:00,24.19
2025-03-16 11:00:00+01:00,-0.77
2025-03-16 12:00:00+01:00,-10.01
2025-03-16 13:00:00+01:00,-3.16
2025-03-16 14:00:00+01:00,0.7
2025-03-16 15:00:00+01:00,31.0
2025-03-16 16:00:00+01:00,70.2
2025-03-16 17:00:00+01:00,111.7
2025-03-16 18:00:00+01:00,127.27
2025-03-16 19:00:00+01:00,140.0
2025-03-16 20:00:00+01:00,118.0
2025-03-16 21:00:00+01:00,99.9
2025-03-16 22:00:00+01:00,92.0
2025-03-16 23:00:00+01:00,80.7
2025-03-17 00:00:00+01:00,104.6
2025-03-17 01:00:00+01:00,106.8
2025-03-17 02:00:00+01:00,96.74
2025-03-17 03:00:00+01:00,80.91
2025-03-17 04:00:00+01:00,85.85
2025-03-17 05:00:00+01:00,103.3
2025-03-17 06:00:00+01:00,135.18
2025-03-17 07:00:00+01:00,152.87
2025-03-17 08:00:00+01:00,126.56
2025-03-17 09:00:00+01:00,87.12
2025-03-17 10:00:00+01:00,54.21
2025-03-17 11:00:00+01:00,30.0
2025-03-17 12:00:00+01:00,-2.0
2025-03-17 13:00:00+01:00,-2.0
2025-03-17 14:00:00+01:00,50.0
2025-03-17 15:00:00+01:00,67.12
2025-03-17 16:00:00+01:00,93.92
2025-03-17 17:00:00+01:00,127.87
2025-03-17 18:00:00+01:00,156.65
2025-03-17 19:00:00+01:00,170.0
2025-03-17 20:00:00+01:00,141.5
2025-03-17 21:00:00+01:00,113.53
2025-03-17 22:00:00+01:00,106.45
2025-03-17 23:00:00+01:00,93.5
2025-03-18 00:00:00+01:00,92.2
2025-03-18 01:00:00+01:00,89.99
2025-03-18 02:00:00+01:00,91.4
2025-03-18 03:00:00+01:00,87.23
2025-03-18 04:00:00+01:00,91.24
2025-03-18 05:00:00+01:00,103.73
2025-03-18 06:00:00+01:00,132.52
2025-03-18 07:00:00+01:00,136.68
2025-03-18 08:00:00+01:00,106.01
2025-03-18 09:00:00+01:00,71.53
2025-03-18 10:00:00+01:00,21.23
2025-03-18 11:00:00+01:00,-5.13
2025-03-18 12:00:00+01:00,-11.68
2025-03-18 13:00:00+01:00,-2.61
2025-03-18 14:00:00+01:00,5.29
2025-03-18 15:00:00+01:00,43.23
2025-03-18 16:00:00+01:00,82.71
2025-03-18 17:00:00+01:00,124.28
2025-03-18 18:00:00+01:00,149.97
2025-03-18 19:00:00+01:00,159.73
2025-03-18 20:00:00+01:00,141.49
2025-03-18 21:00:00+01:00,117.67
2025-03-18 22:00:00+01:00,107.37
2025-03-18 23:00:00+01:00,100.42
2025-03-19 00:00:00+01:00,98.68
2025-03-19 01:00:00+01:00,94.37
2025-03-19 02:00:00+01:00,94.9
2025-03-19 03:00:00+01:00,96.1
2025-03-19 04:00:00+01:00,99.68
2025-03-19 05:00:00+01:00,109.87
2025-03-19 06:00:00+01:00,145.37
2025-03-19 07:00:00+01:00,146.21
2025-03-19 08:00:00+01:00,108.14
2025-03-19 09:00:00+01:00,75.95
2025-03-19 10:00:00+01:00,25.87
2025-03-19 11:00:00+01:00,0.03
2025-03-19 12:00:00+01:00,-0.64
2025-03-19 13:00:00+01:00,-0.18
2025-03-19 14:00:00+01:00,1.11
2025-03-19 15:00:00+01:00,59.82
2025-03-19 16:00:00+01:00,99.29
2025-03-19 17:00:00+01:00,136.97
2025-03-19 18:00:00+01:00,225.81
2025-03-19 19:00:00+01:00,209.83
2025-03-19 20:00:00+01:00,164.4
2025-03-19 21:00:00+01:00,129.46
2025-03-19 22:00:00+01:00,117.39
2025-03-19 23:00:00+01:00,106.44
2025-03-20 00:00:00+01:00,108.74
2025-03-20 01:00:00+01:00,95.11
2025-03-20 02:00:00+01:00,93.69
2025-03-20 03:00:00+01:00,93.0
2025-03-20 04:00:00+01:00,91.37
2025-03-20 05:00:00+01:00,109.0
2025-03-20 06:00:00+01:00,132.24
2025-03-20 07:00:00+01:00,135.15
2025-03-20 08:00:00+01:00,99.06
2025-03-20 09:00:00+01:00,75.0
2025-03-20 10:00:00+01:00,34.97
2025-03-20 11:00:00+01:00,3.42
2025-03-20 12:00:00+01:00,0.43
2025-03-20 13:00:00+01:00,0.65
2025-03-20 14:00:00+01:00,14.56
2025-03-20 15:00:00+01:00,68.25
2025-03-20 16:00:00+01:00,104.8
2025-03-20 17:00:00+01:00,138.13
2025-03-20 18:00:00+01:00,246.89
2025-03-20 19:00:00+01:00,230.35
2025-03-20 20:00:00+01:00,153.39
2025-03-20 21:00:00+01:00,126.07
2025-03-20 22:00:00+01:00,110.71
2025-03-20 23:00:00+01:00,106.64
2025-03-21 00:00:00+01:00,108.01
2025-03-21 01:00:00+01:00,100.1
2025-03-21 02:00:00+01:00,97.5
2025-03-21 03:00:00+01:00,93.38
2025-03-21 04:00:00+01:00,90.28
2025-03-21 05:00:00+01:00,104.49
2025-03-21 06:00:00+01:00,125.65
2025-03-21 07:00:00+01:00,132.12
2025-03-21 08:00:00+01:00,99.21
2025-03-21 09:00:00+01:00,68.8
2025-03-21 10:00:00+01:00,40.49
2025-03-21 11:00:00+01:00,6.4
2025-03-21 12:00:00+01:00,-2.0
2025-03-21 13:00:00+01:00,-2.0
2025-03-21 14:00:00+01:00,-2.0
2025-03-21 15:00:00+01:00,-1.59
2025-03-21 16:00:00+01:00,42.93
2025-03-21 17:00:00+01:00,89.73
2025-03-21 18:00:00+01:00,111.5
2025-03-21 19:00:00+01:00,82.0
2025-03-21 20:00:00+01:00,68.42
2025-03-21 21:00:00+01:00,45.69
2025-03-21 22:00:00+01:00,29.23
2025-03-21 23:00:00+01:00,21.08
2025-03-22 00:00:00+01:00,26.93
2025-03-22 01:00:00+01:00,13.87
2025-03-22 02:00:00+01:00,10.71
2025-03-22 03:00:00+01:00,8.4
2025-03-22 04:00:00+01:00,11.17
2025-03-22 05:00:00+01:00,13.53
2025-03-22 06:00:00+01:00,13.07
2025-03-22 07:00:00+01:00,19.88
2025-03-22 08:00:00+01:00,3.11
2025-03-22 09:00:00+01:00,0.0
2025-03-22 10:00:00+01:00,-2.0
2025-03-22 11:00:00+01:00,-6.0
2025-03-22 12:00:00+01:00,-16.84
2025-03-22 13:00:00+01:00,-12.0
2025-03-22 14:00:00+01:00,-6.79
2025-03-22 15:00:00+01:00,-1.51
2025-03-22 16:00:00+01:00,40.0
2025-03-22 17:00:00+01:00,126.75
2025-03-22 18:00:00+01:00,154.0
2025-03-22 19:00:00+01:00,156.0
2025-03-22 20:00:00+01:00,108.3
2025-03-22 21:00:00+01:00,99.9
2025-03-22 22:00:00+01:00,100.1
2025-03-22 23:00:00+01:00,98.0
2025-03-23 00:00:00+01:00,91.0
2025-03-23 01:00:00+01:00,80.0
2025-03-23 02:00:00+01:00,90.0
2025-03-23 03:00:00+01:00,92.81
2025-03-23 04:00:00+01:00,92.79
2025-03-23 05:00:00+01:00,90.0
2025-03-23 06:00:00+01:00,94.0
2025-03-23 07:00:00+01:00,101.91
2025-03-23 08:00:00+01:00,79.73
2025-03-23 09:00:00+01:00,23.14
2025-03-23 10:00:00+01:00,13.78
2025-03-23 11:00:00+01:00,9.6
2025-03-23 12:00:00+01:00,13.49
2025-03-23 13:00:00+01:00,5.01
2025-03-23 14:00:00+01:00,11.46
2025-03-23 15:00:00+01:00,41.77
2025-03-23 16:00:00+01:00,93.52
2025-03-23 17:00:00+01:00,117.08
2025-03-23 18:00:00+01:00,140.0
2025-03-23 19:00:00+01:00,140.96
2025-03-23 20:00:00+01:00,139.7
2025-03-23 21:00:00+01:00,128.12
2025-03-23 22:00:00+01:00,123.52
2025-03-23 23:00:00+01:00,114.24
2025-03-24 00:00:00+01:00,108.5
2025-03-24 01:00:00+01:00,102.81
2025-03-24 02:00:00+01:00,99.11
2025-03-24 03:00:00+01:00,96.3
2025-03-24 04:00:00+01:00,98.64
2025-03-24 05:00:00+01:00,114.9
2025-03-24 06:00:00+01:00,137.41
2025-03-24 07:00:00+01:00,161.62
2025-03-24 08:00:00+01:00,159.09
2025-03-24 09:00:00+01:00,132.84
2025-03-24 10:00:00+01:00,110.25
2025-03-24 11:00:00+01:00,101.16
2025-03-24 12:00:00+01:00,94.43
2025-03-24 13:00:00+01:00,91.5
2025-03-24 14:00:00+01:00,92.91
2025-03-24 15:00:00+01:00,99.59
2025-03-24 16:00:00+01:00,119.91
2025-03-24 17:00:00+01:00,146.43
2025-03-24 18:00:00+01:00,200.61
2025-03-24 19:00:00+01:00,190.85
2025-03-24 20:00:00+01:00,161.3
2025-03-24 21:00:00+01:00,135.78
2025-03-24 22:00:00+01:00,122.96
2025-03-24 23:00:00+01:00,113.3
2025-03-25 00:00:00+01:00,100.62
2025-03-25 01:00:00+01:00,99.0
2025-03-25 02:00:00+01:00,97.15
2025-03-25 03:00:00+01:00,96.4
2025-03-25 04:00:00+01:00,95.64
2025-03-25 05:00:00+01:00,101.6
2025-03-25 06:00:00+01:00,127.85
2025-03-25 07:00:00+01:00,139.1
2025-03-25 08:00:00+01:00,130.06
2025-03-25 09:00:00+01:00,106.04
2025-03-25 10:00:00+01:00,90.65
2025-03-25 11:00:00+01:00,78.19
2025-03-25 12:00:00+01:00,68.61
2025-03-25 13:00:00+01:00,68.29
2025-03-25 14:00:00+01:00,77.43
2025-03-25 15:00:00+01:00,88.82
2025-03-25 16:00:00+01:00,101.89
2025-03-25 17:00:00+01:00,130.98
2025-03-25 18:00:00+01:00,154.56
2025-03-25 19:00:00+01:00,165.4
2025-03-25 20:00:00+01:00,148.6
2025-03-25 21:00:00+01:00,122.5
2025-03-25 22:00:00+01:00,113.45
2025-03-25 23:00:00+01:00,102.05
2025-03-26 00:00:00+01:00,101.02
2025-03-26 01:00:00+01:00,97.95
2025-03-26 02:00:00+01:00,97.34
2025-03-26 03:00:00+01:00,97.39
2025-03-26 04:00:00+01:00,95.72
2025-03-26 05:00:00+01:00,96.97
2025-03-26 06:00:00+01:00,124.47
2025-03-26 07:00:00+01:00,139.46
2025-03-26 08:00:00+01:00,136.44
2025-03-26 09:00:00+01:00,111.03
2025-03-26 10:00:00+01:00,98.99
2025-03-26 11:00:00+01:00,95.13
2025-03-26 12:00:00+01:00,94.17
2025-03-26 13:00:00+01:00,83.57
2025-03-26 14:00:00+01:00,88.0
2025-03-26 15:00:00+01:00,91.17
2025-03-26 16:00:00+01:00,99.05
2025-03-26 17:00:00+01:00,129.63
2025-03-26 18:00:00+01:00,157.32
2025-03-26 19:00:00+01:00,167.56
2025-03-26 20:00:00+01:00,150.0
2025-03-26 21:00:00+01:00,126.33
2025-03-26 22:00:00+01:00,117.48
2025-03-26 23:00:00+01:00,106.89
2025-03-27 00:00:00+01:00,103.91
2025-03-27 01:00:00+01:00,97.39
2025-03-27 02:00:00+01:00,96.61
2025-03-27 03:00:00+01:00,95.84
2025-03-27 04:00:00+01:00,92.16
2025-03-27 05:00:00+01:00,102.01
2025-03-27 06:00:00+01:00,125.05
2025-03-27 07:00:00+01:00,137.79
2025-03-27 08:00:00+01:00,123.5
2025-03-27 09:00:00+01:00,89.92
2025-03-27 10:00:00+01:00,70.78
2025-03-27 11:00:00+01:00,44.9
2025-03-27 12:00:00+01:00,12.0
2025-03-27 13:00:00+01:00,4.12
2025-03-27 14:00:00+01:00,29.03
2025-03-27 15:00:00+01:00,68.8
2025-03-27 16:00:00+01:00,87.08
2025-03-27 17:00:00+01:00,116.62
2025-03-27 18:00:00+01:00,151.07
2025-03-27 19:00:00+01:00,167.44
2025-03-27 20:00:00+01:00,140.71
2025-03-27 21:00:00+01:00,122.74
2025-03-27 22:00:00+01:00,111.6
2025-03-27 23:00:00+01:00,99.58
2025-03-28 00:00:00+01:00,85.21
2025-03-28 01:00:00+01:00,79.05
2025-03-28 02:00:00+01:00,78.99
2025-03-28 03:00:00+01:00,77.89
2025-03-28 04:00:00+01:00,78.47
2025-03-28 05:00:00+01:00,92.34
2025-03-28 06:00:00+01:00,122.8
2025-03-28 07:00:00+01:00,122.2
2025-03-28 08:00:00+01:00,102.08
2025-03-28 09:00:00+01:00,71.6
2025-03-28 10:00:00+01:00,20.47
2025-03-28 11:00:00+01:00,-2.0
2025-03-28 12:00:00+01:00,-2.0
2025-03-28 13:00:00+01:00,-0.03
2025-03-28 14:00:00+01:00,13.43
2025-03-28 15:00:00+01:00,66.41
2025-03-28 16:00:00+01:00,99.85
2025-03-28 17:00:00+01:00,120.84
2025-03-28 18:00:00+01:00,153.59
2025-03-28 19:00:00+01:00,158.28
2025-03-28 20:00:00+01:00,143.18
2025-03-28 21:00:00+01:00,118.6
2025-03-28 22:00:00+01:00,112.5
2025-03-28 23:00:00+01:00,107.34
2025-03-29 00:00:00+01:00,104.32
2025-03-29 01:00:00+01:00,96.17
2025-03-29 02:00:00+01:00,89.1
2025-03-29 03:00:00+01:00,88.04
2025-03-29 04:00:00+01:00,89.27
2025-03-29 05:00:00+01:00,87.07
2025-03-29 06:00:00+01:00,91.0
2025-03-29 07:00:00+01:00,92.93
2025-03-29 08:00:00+01:00,85.67
2025-03-29 09:00:00+01:00,70.62
2025-03-29 10:00:00+01:00,59.25
2025-03-29 11:00:00+01:00,59.46
2025-03-29 12:00:00+01:00,59.92
2025-03-29 13:00:00+01:00,0.88
2025-03-29 14:00:00+01:00,2.34
2025-03-29 15:00:00+01:00,23.64
2025-03-29 16:00:00+01:00,58.0
2025-03-29 17:00:00+01:00,90.49
2025-03-29 18:00:00+01:00,136.7
2025-03-29 19:00:00+01:00,143.96
2025-03-29 20:00:00+01:00,114.77
2025-03-29 21:00:00+01:00,93.81
2025-03-29 22:00:00+01:00,76.65
2025-03-29 23:00:00+01:00,61.95
2025-03-30 00:00:00+01:00,17.5
2025-03-30 01:00:00+01:00,12.2
2025-03-30 03:00:00+02:00,2.31
2025-03-30 04:00:00+02:00,1.2
2025-03-30 05:00:00+02:00,0.09
2025-03-30 06:00:00+02:00,0.0
2025-03-30 07:00:00+02:00,-0.03
2025-03-30 08:00:00+02:00,-0.01
2025-03-30 09:00:00+02:00,-0.04
2025-03-30 10:00:00+02:00,-3.47
2025-03-30 11:00:00+02:00,-15.0
2025-03-30 12:00:00+02:00,-33.0
2025-03-30 13:00:00+02:00,-33.0
2025-03-30 14:00:00+02:00,-33.0
2025-03-30 15:00:00+02:00,-15.34
2025-03-30 16:00:00+02:00,-4.01
2025-03-30 17:00:00+02:00,0.07
2025-03-30 18:00:00+02:00,14.41
2025-03-30 19:00:00+02:00,60.83
2025-03-30 20:00:00+02:00,62.7
2025-03-30 21:00:00+02:00,65.0
2025-03-30 22:00:00+02:00,61.71
2025-03-30 23:00:00+02:00,56.44
2025-03-31 00:00:00+02:00,65.41
2025-03-31 01:00:00+02:00,63.25
2025-03-31 02:00:00+02:00,64.41
2025-03-31 03:00:00+02:00,67.22
2025-03-31 04:00:00+02:00,68.97
2025-03-31 05:00:00+02:00,88.0
2025-03-31 06:00:00+02:00,104.9
2025-03-31 07:00:00+02:00,142.67
2025-03-31 08:00:00+02:00,174.16
2025-03-31 09:00:00+02:00,118.63
2025-03-31 10:00:00+02:00,99.35
2025-03-31 11:00:00+02:00,74.76
2025-03-31 12:00:00+02:00,25.0
2025-03-31 13:00:00+02:00,-3.0
2025-03-31 14:00:00+02:00,-3.0
2025-03-31 15:00:00+02:00,49.9
2025-03-31 16:00:00+02:00,63.31
2025-03-31 17:00:00+02:00,87.27
2025-03-31 18:00:00+02:00,116.65
2025-03-31 19:00:00+02:00,166.5
2025-03-31 20:00:00+02:00,168.67
2025-03-31 21:00:00+02:00,129.71
2025-03-31 22:00:00+02:00,112.54
2025-03-31 23:00:00+02:00,101.3
2025-04-01 00:00:00+02:00,100.36
2025-04-01 01:00:00+02:00,93.07
2025-04-01 01:00:00+02:00,93.07
2025-04-01 02:00:00+02:00,90.84
2025-04-01 03:00:00+02:00,90.5
2025-04-01 04:00:00+02:00,88.71
2025-04-01 05:00:00+02:00,97.55
2025-04-01 06:00:00+02:00,121.83
2025-04-01 07:00:00+02:00,175.74
2025-04-01 08:00:00+02:00,159.37
2025-04-01 09:00:00+02:00,106.42
2025-04-01 10:00:00+02:00,77.5
2025-04-01 11:00:00+02:00,52.72
2025-04-01 12:00:00+02:00,10.0
2025-04-01 13:00:00+02:00,-20.0
2025-04-01 14:00:00+02:00,-30.0
2025-04-01 15:00:00+02:00,-3.0
2025-04-01 16:00:00+02:00,41.1
2025-04-01 17:00:00+02:00,68.67
2025-04-01 18:00:00+02:00,105.78
2025-04-01 19:00:00+02:00,139.72
2025-04-01 20:00:00+02:00,131.18
2025-04-01 21:00:00+02:00,104.26
2025-04-01 22:00:00+02:00,92.67
2025-04-01 23:00:00+02:00,77.65
2025-04-02 00:00:00+02:00,65.63
2025-04-02 01:00:00+02:00,63.04
2025-04-02 02:00:00+02:00,62.75
2025-04-02 03:00:00+02:00,63.52
2025-04-02 04:00:00+02:00,64.13
2025-04-02 05:00:00+02:00,77.41
2025-04-02 06:00:00+02:00,107.62
2025-04-02 07:00:00+02:00,145.0
2025-04-02 08:00:00+02:00,122.96
2025-04-02 09:00:00+02:00,79.7
2025-04-02 10:00:00+02:00,41.35
2025-04-02 11:00:00+02:00,-9.9
2025-04-02 12:00:00+02:00,-30.0
2025-04-02 13:00:00+02:00,-50.0
2025-04-02 14:00:00+02:00,-54.0
2025-04-02 15:00:00+02:00,-48.01
2025-04-02 16:00:00+02:00,-25.37
2025-04-02 17:00:00+02:00,-0.01
2025-04-02 18:00:00+02:00,76.58
2025-04-02 19:00:00+02:00,114.0
2025-04-02 20:00:00+02:00,114.0
2025-04-02 21:00:00+02:00,96.07
2025-04-02 22:00:00+02:00,82.63
2025-04-02 23:00:00+02:00,71.43
2025-04-03 00:00:00+02:00,62.83
2025-04-03 01:00:00+02:00,59.2
2025-04-03 02:00:00+02:00,58.7
2025-04-03 03:00:00+02:00,59.49
2025-04-03 04:00:00+02:00,61.36
2025-04-03 05:00:00+02:00,75.0
2025-04-03 06:00:00+02:00,118.9
2025-04-03 07:00:00+02:00,153.81
2025-04-03 08:00:00+02:00,133.3
2025-04-03 09:00:00+02:00,79.11
2025-04-03 10:00:00+02:00,37.37
2025-04-03 11:00:00+02:00,-0.16
2025-04-03 12:00:00+02:00,-2.0
2025-04-03 13:00:00+02:00,-14.6
2025-04-03 14:00:00+02:00,-9.82
2025-04-03 15:00:00+02:00,-1.59
2025-04-03 16:00:00+02:00,0.08
2025-04-03 17:00:00+02:00,68.83
2025-04-03 18:00:00+02:00,130.36
2025-04-03 19:00:00+02:00,160.91
2025-04-03 20:00:00+02:00,153.31
2025-04-03 21:00:00+02:00,131.47
2025-04-03 22:00:00+02:00,111.37
2025-04-03 23:00:00+02:00,102.68
2025-04-04 00:00:00+02:00,104.97
2025-04-04 01:00:00+02:00,98.88
2025-04-04 02:00:00+02:00,98.87
2025-04-04 03:00:00+02:00,98.95
2025-04-04 04:00:00+02:00,100.3
2025-04-04 05:00:00+02:00,105.37
2025-04-04 06:00:00+02:00,135.16
2025-04-04 07:00:00+02:00,166.83
2025-04-04 08:00:00+02:00,136.73
2025-04-04 09:00:00+02:00,94.48
2025-04-04 10:00:00+02:00,60.91
2025-04-04 11:00:00+02:00,7.82
2025-04-04 12:00:00+02:00,0.0
2025-04-04 13:00:00+02:00,-2.27
2025-04-04 14:00:00+02:00,-2.14
2025-04-04 15:00:00+02:00,-0.11
2025-04-04 16:00:00+02:00,24.78
2025-04-04 17:00:00+02:00,70.73
2025-04-04 18:00:00+02:00,111.03
2025-04-04 19:00:00+02:00,132.99
2025-04-04 20:00:00+02:00,140.06
2025-04-04 21:00:00+02:00,109.0
2025-04-04 22:00:00+02:00,98.1
2025-04-04 23:00:00+02:00,91.06
2025-04-05 00:00:00+02:00,98.8
2025-04-05 01:00:00+02:00,94.27
2025-04-05 02:00:00+02:00,92.43
2025-04-05 03:00:00+02:00,92.15
2025-04-05 04:00:00+02:00,90.38
2025-04-05 05:00:00+02:00,89.31
2025-04-05 06:00:00+02:00,92.49
2025-04-05 07:00:00+02:00,98.6
2025-04-05 08:00:00+02:00,93.75
2025-04-05 09:00:00+02:00,55.85
2025-04-05 10:00:00+02:00,0.66
2025-04-05 11:00:00+02:00,-2.0
2025-04-05 12:00:00+02:00,-60.0
2025-04-05 13:00:00+02:00,-54.71
2025-04-05 14:00:00+02:00,-52.88
2025-04-05 15:00:00+02:00,-29.9
2025-04-05 16:00:00+02:00,-4.23
2025-04-05 17:00:00+02:00,0.27
2025-04-05 18:00:00+02:00,64.51
2025-04-05 19:00:00+02:00,98.3
2025-04-05 20:00:00+02:00,100.0
2025-04-05 21:00:00+02:00,84.36
2025-04-05 22:00:00+02:00,78.99
2025-04-05 23:00:00+02:00,68.75
2025-04-06 00:00:00+02:00,70.45
2025-04-06 01:00:00+02:00,61.0
2025-04-06 02:00:00+02:00,60.22
2025-04-06 03:00:00+02:00,64.53
2025-04-06 04:00:00+02:00,65.91
2025-04-06 05:00:00+02:00,72.78
2025-04-06 06:00:00+02:00,73.39
2025-04-06 07:00:00+02:00,75.0
2025-04-06 08:00:00+02:00,40.52
2025-04-06 09:00:00+02:00,0.1
2025-04-06 10:00:00+02:00,-2.0
2025-04-06 11:00:00+02:00,-27.54
2025-04-06 12:00:00+02:00,-60.0
2025-04-06 13:00:00+02:00,-106.24
2025-04-06 14:00:00+02:00,-114.54
2025-04-06 15:00:00+02:00,-69.88
2025-04-06 16:00:00+02:00,-18.94
2025-04-06 17:00:00+02:00,1.62
2025-04-06 18:00:00+02:00,96.58
2025-04-06 19:00:00+02:00,120.25
2025-04-06 20:00:00+02:00,128.01
2025-04-06 21:00:00+02:00,117.15
2025-04-06 22:00:00+02:00,108.19
2025-04-06 23:00:00+02:00,97.38
2025-04-07 00:00:00+02:00,83.64
2025-04-07 01:00:00+02:00,81.66
2025-04-07 02:00:00+02:00,78.69
2025-04-07 03:00:00+02:00,79.97
2025-04-07 04:00:00+02:00,82.8
2025-04-07 05:00:00+02:00,93.45
2025-04-07 06:00:00+02:00,124.04
2025-04-07 07:00:00+02:00,179.14
2025-04-07 08:00:00+02:00,144.61
2025-04-07 09:00:00+02:00,105.1
2025-04-07 10:00:00+02:00,79.03
2025-04-07 11:00:00+02:00,60.85
2025-04-07 12:00:00+02:00,11.8
2025-04-07 13:00:00+02:00,2.19
2025-04-07 14:00:00+02:00,2.2
2025-04-07 15:00:00+02:00,54.53
2025-04-07 16:00:00+02:00,62.61
2025-04-07 17:00:00+02:00,92.54
2025-04-07 18:00:00+02:00,115.74
2025-04-07 19:00:00+02:00,151.0
2025-04-07 20:00:00+02:00,152.26
2025-04-07 21:00:00+02:00,137.97
2025-04-07 22:00:00+02:00,107.5
2025-04-07 23:00:00+02:00,104.45
2025-04-08 00:00:00+02:00,81.78
2025-04-08 01:00:00+02:00,84.14
2025-04-08 02:00:00+02:00,80.42
2025-04-08 03:00:00+02:00,79.53
2025-04-08 04:00:00+02:00,84.11
2025-04-08 05:00:00+02:00,91.6
2025-04-08 06:00:00+02:00,132.0
2025-04-08 07:00:00+02:00,165.3
2025-04-08 08:00:00+02:00,136.77
2025-04-08 09:00:00+02:00,91.26
2025-04-08 10:00:00+02:00,72.12
2025-04-08 11:00:00+02:00,52.78
2025-04-08 12:00:00+02:00,18.36
2025-04-08 13:00:00+02:00,14.12
2025-04-08 14:00:00+02:00,22.67
2025-04-08 15:00:00+02:00,45.94
2025-04-08 16:00:00+02:00,63.05
2025-04-08 17:00:00+02:00,81.55
2025-04-08 18:00:00+02:00,109.01
2025-04-08 19:00:00+02:00,135.71
2025-04-08 20:00:00+02:00,167.37
2025-04-08 21:00:00+02:00,137.58
2025-04-08 22:00:00+02:00,115.35
2025-04-08 23:00:00+02:00,97.2
2025-04-09 00:00:00+02:00,95.0
2025-04-09 01:00:00+02:00,85.0
2025-04-09 02:00:00+02:00,85.6
2025-04-09 03:00:00+02:00,84.15
2025-04-09 04:00:00+02:00,86.45
2025-04-09 05:00:00+02:00,95.64
2025-04-09 06:00:00+02:00,123.4
2025-04-09 07:00:00+02:00,153.41
2025-04-09 08:00:00+02:00,128.06
2025-04-09 09:00:00+02:00,95.0
2025-04-09 10:00:00+02:00,77.39
2025-04-09 11:00:00+02:00,50.59
2025-04-09 12:00:00+02:00,11.3
2025-04-09 13:00:00+02:00,0.0
2025-04-09 14:00:00+02:00,-1.59
2025-04-09 15:00:00+02:00,15.0
2025-04-09 16:00:00+02:00,45.79
2025-04-09 17:00:00+02:00,70.92
2025-04-09 18:00:00+02:00,93.51
2025-04-09 19:00:00+02:00,118.89
2025-04-09 20:00:00+02:00,129.19
2025-04-09 21:00:00+02:00,104.17
2025-04-09 22:00:00+02:00,94.8
2025-04-09 23:00:00+02:00,89.51
2025-04-10 00:00:00+02:00,85.0
2025-04-10 01:00:00+02:00,83.95
2025-04-10 02:00:00+02:00,83.95
2025-04-10 03:00:00+02:00,82.64
2025-04-10 04:00:00+02:00,82.24
2025-04-10 05:00:00+02:00,87.82
2025-04-10 06:00:00+02:00,115.69
2025-04-10 07:00:00+02:00,149.04
2025-04-10 08:00:00+02:00,130.59
2025-04-10 09:00:00+02:00,99.43
2025-04-10 10:00:00+02:00,85.71
2025-04-10 11:00:00+02:00,62.59
2025-04-10 12:00:00+02:00,27.02
2025-04-10 13:00:00+02:00,1.67
2025-04-10 14:00:00+02:00,0.06
2025-04-10 15:00:00+02:00,1.0
2025-04-10 16:00:00+02:00,44.83
2025-04-10 17:00:00+02:00,64.89
2025-04-10 18:00:00+02:00,92.13
2025-04-10 19:00:00+02:00,132.0
2025-04-10 20:00:00+02:00,132.31
2025-04-10 21:00:00+02:00,94.7
2025-04-10 22:00:00+02:00,88.45
2025-04-10 23:00:00+02:00,87.13
2025-04-11 00:00:00+02:00,96.0
2025-04-11 01:00:00+02:00,85.1
2025-04-11 02:00:00+02:00,89.0
2025-04-11 03:00:00+02:00,75.3
2025-04-11 04:00:00+02:00,75.0
2025-04-11 05:00:00+02:00,85.1
2025-04-11 06:00:00+02:00,91.92
2025-04-11 07:00:00+02:00,116.08
2025-04-11 08:00:00+02:00,131.18
2025-04-11 09:00:00+02:00,112.0
2025-04-11 10:00:00+02:00,20.05
2025-04-11 11:00:00+02:00,-2.0
2025-04-11 12:00:00+02:00,-5.74
2025-04-11 13:00:00+02:00,-8.82
2025-04-11 14:00:00+02:00,-5.09
2025-04-11 15:00:00+02:00,-0.1
2025-04-11 16:00:00+02:00,-0.48
2025-04-11 17:00:00+02:00,63.44
2025-04-11 18:00:00+02:00,102.7
2025-04-11 19:00:00+02:00,127.3
2025-04-11 20:00:00+02:00,147.45
2025-04-11 21:00:00+02:00,125.0
2025-04-11 22:00:00+02:00,112.71
2025-04-11 23:00:00+02:00,100.64
2025-04-12 00:00:00+02:00,101.93
2025-04-12 01:00:00+02:00,98.43
2025-04-12 02:00:00+02:00,95.38
2025-04-12 03:00:00+02:00,89.09
2025-04-12 04:00:00+02:00,89.13
2025-04-12 05:00:00+02:00,89.11
2025-04-12 06:00:00+02:00,93.51
2025-04-12 07:00:00+02:00,90.13
2025-04-12 08:00:00+02:00,90.29
2025-04-12 09:00:00+02:00,62.04
2025-04-12 10:00:00+02:00,20.19
2025-04-12 11:00:00+02:00,0.0
2025-04-12 12:00:00+02:00,-18.55
2025-04-12 13:00:00+02:00,-51.54
2025-04-12 14:00:00+02:00,-63.79
2025-04-12 15:00:00+02:00,-31.31
2025-04-12 16:00:00+02:00,-0.06
2025-04-12 17:00:00+02:00,53.34
2025-04-12 18:00:00+02:00,98.85
2025-04-12 19:00:00+02:00,134.2
2025-04-12 20:00:00+02:00,117.46
2025-04-12 21:00:00+02:00,89.24
2025-04-12 22:00:00+02:00,82.0
2025-04-12 23:00:00+02:00,69.9
2025-04-13 00:00:00+02:00,63.99
2025-04-13 01:00:00+02:00,56.0
2025-04-13 02:00:00+02:00,42.36
2025-04-13 03:00:00+02:00,29.5
2025-04-13 04:00:00+02:00,34.9
2025-04-13 05:00:00+02:00,34.9
2025-04-13 06:00:00+02:00,32.25
2025-04-13 07:00:00+02:00,27.75
2025-04-13 08:00:00+02:00,34.5
2025-04-13 09:00:00+02:00,8.43
2025-04-13 10:00:00+02:00,0.0
2025-04-13 11:00:00+02:00,-0.02
2025-04-13 12:00:00+02:00,-2.0
2025-04-13 13:00:00+02:00,-18.84
2025-04-13 14:00:00+02:00,-25.38
2025-04-13 15:00:00+02:00,-9.93
2025-04-13 16:00:00+02:00,-0.01
2025-04-13 17:00:00+02:00,16.35
2025-04-13 18:00:00+02:00,90.02
2025-04-13 19:00:00+02:00,109.57
2025-04-13 20:00:00+02:00,112.74
2025-04-13 21:00:00+02:00,106.96
2025-04-13 22:00:00+02:00,97.65
2025-04-13 23:00:00+02:00,90.0
2025-04-14 00:00:00+02:00,81.61
2025-04-14 01:00:00+02:00,77.99
2025-04-14 02:00:00+02:00,77.51
2025-04-14 03:00:00+02:00,77.55
2025-04-14 04:00:00+02:00,79.25
2025-04-14 05:00:00+02:00,88.68
2025-04-14 06:00:00+02:00,114.59
2025-04-14 07:00:00+02:00,150.52
2025-04-14 08:00:00+02:00,143.7
2025-04-14 09:00:00+02:00,100.06
2025-04-14 10:00:00+02:00,85.1
2025-04-14 11:00:00+02:00,70.0
2025-04-14 12:00:00+02:00,60.84
2025-04-14 13:00:00+02:00,56.56
2025-04-14 14:00:00+02:00,56.52
2025-04-14 15:00:00+02:00,66.44
2025-04-14 16:00:00+02:00,76.56
2025-04-14 17:00:00+02:00,88.88
2025-04-14 18:00:00+02:00,108.3
2025-04-14 19:00:00+02:00,180.0
2025-04-14 20:00:00+02:00,148.66
2025-04-14 21:00:00+02:00,97.81
2025-04-14 22:00:00+02:00,77.69
2025-04-14 23:00:00+02:00,76.0
2025-04-15 00:00:00+02:00,78.9
2025-04-15 01:00:00+02:00,74.0
2025-04-15 02:00:00+02:00,69.9
2025-04-15 03:00:00+02:00,70.0
2025-04-15 04:00:00+02:00,66.3
2025-04-15 05:00:00+02:00,65.0
2025-04-15 06:00:00+02:00,77.38
2025-04-15 07:00:00+02:00,92.6
2025-04-15 08:00:00+02:00,97.0
2025-04-15 09:00:00+02:00,67.97
2025-04-15 10:00:00+02:00,48.93
2025-04-15 11:00:00+02:00,2.92
2025-04-15 12:00:00+02:00,1.57
2025-04-15 13:00:00+02:00,0.0
2025-04-15 14:00:00+02:00,2.71
2025-04-15 15:00:00+02:00,44.86
2025-04-15 16:00:00+02:00,78.0
2025-04-15 17:00:00+02:00,92.0
2025-04-15 18:00:00+02:00,100.37
2025-04-15 19:00:00+02:00,125.88
2025-04-15 20:00:00+02:00,133.17
2025-04-15 21:00:00+02:00,105.96
2025-04-15 22:00:00+02:00,96.52
2025-04-15 23:00:00+02:00,88.82
2025-04-16 00:00:00+02:00,85.4
2025-04-16 01:00:00+02:00,78.48
2025-04-16 02:00:00+02:00,78.3
2025-04-16 03:00:00+02:00,70.57
2025-04-16 04:00:00+02:00,69.97
2025-04-16 05:00:00+02:00,78.96
2025-04-16 06:00:00+02:00,101.5
2025-04-16 07:00:00+02:00,124.47
2025-04-16 08:00:00+02:00,109.94
2025-04-16 09:00:00+02:00,93.35
2025-04-16 10:00:00+02:00,77.98
2025-04-16 11:00:00+02:00,61.7
2025-04-16 12:00:00+02:00,33.47
2025-04-16 13:00:00+02:00,21.34
2025-04-16 14:00:00+02:00,25.09
2025-04-16 15:00:00+02:00,55.0
2025-04-16 16:00:00+02:00,68.0
2025-04-16 17:00:00+02:00,89.0
2025-04-16 18:00:00+02:00,114.87
2025-04-16 19:00:00+02:00,146.0
2025-04-16 20:00:00+02:00,136.92
2025-04-16 21:00:00+02:00,119.82
2025-04-16 22:00:00+02:00,109.26
2025-04-16 23:00:00+02:00,98.59
2025-04-17 00:00:00+02:00,88.99
2025-04-17 01:00:00+02:00,83.99
2025-04-17 02:00:00+02:00,81.67
2025-04-17 03:00:00+02:00,80.07
2025-04-17 04:00:00+02:00,81.28
2025-04-17 05:00:00+02:00,87.43
2025-04-17 06:00:00+02:00,105.06
2025-04-17 07:00:00+02:00,122.33
2025-04-17 08:00:00+02:00,130.9
2025-04-17 09:00:00+02:00,120.1
2025-04-17 10:00:00+02:00,105.69
2025-04-17 11:00:00+02:00,83.13
2025-04-17 12:00:00+02:00,80.04
2025-04-17 13:00:00+02:00,79.36
2025-04-17 14:00:00+02:00,78.1
2025-04-17 15:00:00+02:00,77.65
2025-04-17 16:00:00+02:00,87.0
2025-04-17 17:00:00+02:00,94.55
2025-04-17 18:00:00+02:00,110.76
2025-04-17 19:00:00+02:00,125.97
2025-04-17 20:00:00+02:00,120.37
2025-04-17 21:00:00+02:00,117.8
2025-04-17 22:00:00+02:00,98.9
2025-04-17 23:00:00+02:00,96.27
2025-04-18 00:00:00+02:00,99.41
2025-04-18 01:00:00+02:00,88.0
2025-04-18 02:00:00+02:00,88.0
2025-04-18 03:00:00+02:00,84.0
2025-04-18 04:00:00+02:00,79.68
2025-04-18 05:00:00+02:00,74.9
2025-04-18 06:00:00+02:00,80.0
2025-04-18 07:00:00+02:00,96.7
2025-04-18 08:00:00+02:00,108.0
2025-04-18 09:00:00+02:00,102.59
2025-04-18 10:00:00+02:00,92.88
2025-04-18 11:00:00+02:00,77.99
2025-04-18 12:00:00+02:00,69.93
2025-04-18 13:00:00+02:00,55.48
2025-04-18 14:00:00+02:00,52.98
2025-04-18 15:00:00+02:00,55.02
2025-04-18 16:00:00+02:00,65.81
2025-04-18 17:00:00+02:00,83.35
2025-04-18 18:00:00+02:00,99.24
2025-04-18 19:00:00+02:00,118.93
2025-04-18 20:00:00+02:00,121.59
2025-04-18 21:00:00+02:00,111.76
2025-04-18 22:00:00+02:00,99.55
2025-04-18 23:00:00+02:00,90.0
2025-04-19 00:00:00+02:00,81.45
2025-04-19 01:00:00+02:00,74.38
2025-04-19 02:00:00+02:00,78.6
2025-04-19 03:00:00+02:00,76.21
2025-04-19 04:00:00+02:00,78.92
2025-04-19 05:00:00+02:00,83.05
2025-04-19 06:00:00+02:00,88.35
2025-04-19 07:00:00+02:00,84.93
2025-04-19 08:00:00+02:00,78.39
2025-04-19 09:00:00+02:00,70.56
2025-04-19 10:00:00+02:00,28.51
2025-04-19 11:00:00+02:00,4.54
2025-04-19 12:00:00+02:00,0.0
2025-04-19 13:00:00+02:00,-5.64
2025-04-19 14:00:00+02:00,-11.77
2025-04-19 15:00:00+02:00,-1.6
2025-04-19 16:00:00+02:00,0.2
2025-04-19 17:00:00+02:00,56.15
2025-04-19 18:00:00+02:00,92.91
2025-04-19 19:00:00+02:00,113.98
2025-04-19 20:00:00+02:00,126.68
2025-04-19 21:00:00+02:00,119.9
2025-04-19 22:00:00+02:00,103.9
2025-04-19 23:00:00+02:00,94.41
2025-04-20 00:00:00+02:00,98.0
2025-04-20 01:00:00+02:00,90.75
2025-04-20 02:00:00+02:00,103.34
2025-04-20 03:00:00+02:00,96.0
2025-04-20 04:00:00+02:00,100.3
2025-04-20 05:00:00+02:00,123.79
2025-04-20 06:00:00+02:00,123.46
2025-04-20 07:00:00+02:00,105.99
2025-04-20 08:00:00+02:00,93.18
2025-04-20 09:00:00+02:00,19.5
2025-04-20 10:00:00+02:00,-0.02
2025-04-20 11:00:00+02:00,-9.08
2025-04-20 12:00:00+02:00,-30.0
2025-04-20 13:00:00+02:00,-57.9
2025-04-20 14:00:00+02:00,-27.4
2025-04-20 15:00:00+02:00,-5.15
2025-04-20 16:00:00+02:00,0.0
2025-04-20 17:00:00+02:00,81.36
2025-04-20 18:00:00+02:00,106.81
2025-04-20 19:00:00+02:00,126.92
2025-04-20 20:00:00+02:00,144.95
2025-04-20 21:00:00+02:00,145.99
2025-04-20 22:00:00+02:00,122.49
2025-04-20 23:00:00+02:00,110.01
2025-04-21 00:00:00+02:00,110.63
2025-04-21 01:00:00+02:00,95.43
2025-04-21 02:00:00+02:00,98.62
2025-04-21 03:00:00+02:00,100.0
2025-04-21 04:00:00+02:00,97.98
2025-04-21 05:00:00+02:00,100.0
2025-04-21 06:00:00+02:00,100.65
2025-04-21 07:00:00+02:00,94.65
2025-04-21 08:00:00+02:00,91.3
2025-04-21 09:00:00+02:00,92.71
2025-04-21 10:00:00+02:00,68.08
2025-04-21 11:00:00+02:00,40.0
2025-04-21 12:00:00+02:00,15.52
2025-04-21 13:00:00+02:00,8.91
2025-04-21 14:00:00+02:00,8.36
2025-04-21 15:00:00+02:00,10.37
2025-04-21 16:00:00+02:00,56.36
2025-04-21 17:00:00+02:00,100.17
2025-04-21 18:00:00+02:00,104.37
2025-04-21 19:00:00+02:00,123.11
2025-04-21 20:00:00+02:00,140.0
2025-04-21 21:00:00+02:00,132.1
2025-04-21 22:00:00+02:00,122.77
2025-04-21 23:00:00+02:00,107.13
2025-04-22 00:00:00+02:00,95.67
2025-04-22 01:00:00+02:00,88.4
2025-04-22 02:00:00+02:00,86.98
2025-04-22 03:00:00+02:00,84.62
2025-04-22 04:00:00+02:00,83.89
2025-04-22 05:00:00+02:00,95.09
2025-04-22 06:00:00+02:00,117.4
2025-04-22 07:00:00+02:00,146.14
2025-04-22 08:00:00+02:00,147.0
2025-04-22 09:00:00+02:00,112.52
2025-04-22 10:00:00+02:00,98.32
2025-04-22 11:00:00+02:00,90.81
2025-04-22 12:00:00+02:00,81.42
2025-04-22 13:00:00+02:00,69.76
2025-04-22 14:00:00+02:00,70.34
2025-04-22 15:00:00+02:00,78.45
2025-04-22 16:00:00+02:00,82.0
2025-04-22 17:00:00+02:00,96.3
2025-04-22 18:00:00+02:00,114.9
2025-04-22 19:00:00+02:00,178.72
2025-04-22 20:00:00+02:00,253.35
2025-04-22 21:00:00+02:00,157.73
2025-04-22 22:00:00+02:00,121.0
2025-04-22 23:00:00+02:00,107.49
2025-04-23 00:00:00+02:00,101.72
2025-04-23 01:00:00+02:00,94.18
2025-04-23 02:00:00+02:00,91.72
2025-04-23 03:00:00+02:00,90.32
2025-04-23 04:00:00+02:00,93.91
2025-04-23 05:00:00+02:00,99.8
2025-04-23 06:00:00+02:00,131.81
2025-04-23 07:00:00+02:00,150.1
2025-04-23 08:00:00+02:00,130.74
2025-04-23 09:00:00+02:00,103.41
2025-04-23 10:00:00+02:00,92.0
2025-04-23 11:00:00+02:00,94.39
2025-04-23 12:00:00+02:00,81.04
2025-04-23 13:00:00+02:00,83.23
2025-04-23 14:00:00+02:00,85.07
2025-04-23 15:00:00+02:00,91.3
2025-04-23 16:00:00+02:00,94.0
2025-04-23 17:00:00+02:00,102.88
2025-04-23 18:00:00+02:00,121.9
2025-04-23 19:00:00+02:00,147.99
2025-04-23 20:00:00+02:00,144.53
2025-04-23 21:00:00+02:00,124.56
2025-04-23 22:00:00+02:00,107.77
2025-04-23 23:00:00+02:00,94.4
2025-04-24 00:00:00+02:00,92.4
2025-04-24 01:00:00+02:00,86.89
2025-04-24 02:00:00+02:00,85.06
2025-04-24 03:00:00+02:00,84.54
2025-04-24 04:00:00+02:00,81.66
2025-04-24 05:00:00+02:00,87.89
2025-04-24 06:00:00+02:00,100.0
2025-04-24 07:00:00+02:00,114.07
2025-04-24 08:00:00+02:00,117.46
2025-04-24 09:00:00+02:00,109.09
2025-04-24 10:00:00+02:00,96.67
2025-04-24 11:00:00+02:00,93.55
2025-04-24 12:00:00+02:00,81.51
2025-04-24 13:00:00+02:00,78.72
2025-04-24 14:00:00+02:00,77.05
2025-04-24 15:00:00+02:00,76.57
2025-04-24 16:00:00+02:00,80.2
2025-04-24 17:00:00+02:00,89.96
2025-04-24 18:00:00+02:00,98.17
2025-04-24 19:00:00+02:00,110.9
2025-04-24 20:00:00+02:00,119.4
2025-04-24 21:00:00+02:00,114.48
2025-04-24 22:00:00+02:00,106.53
2025-04-24 23:00:00+02:00,93.1
2025-04-25 00:00:00+02:00,88.63
2025-04-25 01:00:00+02:00,80.55
2025-04-25 02:00:00+02:00,80.56
2025-04-25 03:00:00+02:00,80.45
2025-04-25 04:00:00+02:00,82.31
2025-04-25 05:00:00+02:00,91.61
2025-04-25 06:00:00+02:00,102.94
2025-04-25 07:00:00+02:00,113.39
2025-04-25 08:00:00+02:00,113.05
2025-04-25 09:00:00+02:00,99.41
2025-04-25 10:00:00+02:00,93.33
2025-04-25 11:00:00+02:00,81.65
2025-04-25 12:00:00+02:00,64.99
2025-04-25 13:00:00+02:00,45.98
2025-04-25 14:00:00+02:00,37.75
2025-04-25 15:00:00+02:00,52.76
2025-04-25 16:00:00+02:00,64.9
2025-04-25 17:00:00+02:00,82.0
2025-04-25 18:00:00+02:00,96.7
2025-04-25 19:00:00+02:00,114.95
2025-04-25 20:00:00+02:00,125.99
2025-04-25 21:00:00+02:00,109.63
2025-04-25 22:00:00+02:00,100.37
2025-04-25 23:00:00+02:00,92.09
2025-04-26 00:00:00+02:00,95.77
2025-04-26 01:00:00+02:00,87.77
2025-04-26 02:00:00+02:00,85.55
2025-04-26 03:00:00+02:00,84.78
2025-04-26 04:00:00+02:00,84.07
2025-04-26 05:00:00+02:00,86.59
2025-04-26 06:00:00+02:00,90.75
2025-04-26 07:00:00+02:00,88.59
2025-04-26 08:00:00+02:00,86.21
2025-04-26 09:00:00+02:00,34.45
2025-04-26 10:00:00+02:00,2.55
2025-04-26 11:00:00+02:00,-0.01
2025-04-26 12:00:00+02:00,-13.37
2025-04-26 13:00:00+02:00,-26.2
2025-04-26 14:00:00+02:00,-16.79
2025-04-26 15:00:00+02:00,-2.16
2025-04-26 16:00:00+02:00,-0.02
2025-04-26 17:00:00+02:00,30.99
2025-04-26 18:00:00+02:00,78.86
2025-04-26 19:00:00+02:00,99.95
2025-04-26 20:00:00+02:00,114.88
2025-04-26 21:00:00+02:00,105.59
2025-04-26 22:00:00+02:00,100.0
2025-04-26 23:00:00+02:00,101.54
2025-04-27 00:00:00+02:00,111.82
2025-04-27 01:00:00+02:00,95.6
2025-04-27 02:00:00+02:00,95.6
2025-04-27 03:00:00+02:00,95.6
2025-04-27 04:00:00+02:00,95.6
2025-04-27 05:00:00+02:00,85.0
2025-04-27 06:00:00+02:00,79.77
2025-04-27 07:00:00+02:00,69.9
2025-04-27 08:00:00+02:00,39.9
2025-04-27 09:00:00+02:00,0.04
2025-04-27 10:00:00+02:00,-3.0
2025-04-27 11:00:00+02:00,-54.0
2025-04-27 12:00:00+02:00,-147.22
2025-04-27 13:00:00+02:00,-189.9
2025-04-27 14:00:00+02:00,-150.0
2025-04-27 15:00:00+02:00,-49.98
2025-04-27 16:00:00+02:00,-5.17
2025-04-27 17:00:00+02:00,18.35
2025-04-27 18:00:00+02:00,89.73
2025-04-27 19:00:00+02:00,111.39
2025-04-27 20:00:00+02:00,126.0
2025-04-27 21:00:00+02:00,110.0
2025-04-27 22:00:00+02:00,99.0
2025-04-27 23:00:00+02:00,93.56
2025-04-28 00:00:00+02:00,91.1
2025-04-28 01:00:00+02:00,85.1
2025-04-28 02:00:00+02:00,83.1
2025-04-28 03:00:00+02:00,84.29
2025-04-28 04:00:00+02:00,90.82
2025-04-28 05:00:00+02:00,97.09
2025-04-28 06:00:00+02:00,140.0
2025-04-28 07:00:00+02:00,131.09
2025-04-28 08:00:00+02:00,96.79
2025-04-28 09:00:00+02:00,67.37
2025-04-28 10:00:00+02:00,10.0
2025-04-28 11:00:00+02:00,-0.01
2025-04-28 12:00:00+02:00,-6.81
2025-04-28 13:00:00+02:00,-5.9
2025-04-28 14:00:00+02:00,-6.18
2025-04-28 15:00:00+02:00,-1.54
2025-04-28 16:00:00+02:00,1.74
2025-04-28 17:00:00+02:00,68.67
2025-04-28 18:00:00+02:00,95.0
2025-04-28 19:00:00+02:00,139.75
2025-04-28 20:00:00+02:00,192.44
2025-04-28 21:00:00+02:00,128.83
2025-04-28 22:00:00+02:00,106.0
2025-04-28 23:00:00+02:00,96.16
2025-04-29 00:00:00+02:00,89.47
2025-04-29 01:00:00+02:00,85.08
2025-04-29 02:00:00+02:00,80.31
2025-04-29 03:00:00+02:00,77.64
2025-04-29 04:00:00+02:00,76.77
2025-04-29 05:00:00+02:00,85.18
2025-04-29 06:00:00+02:00,106.24
2025-04-29 07:00:00+02:00,112.47
2025-04-29 08:00:00+02:00,99.98
2025-04-29 09:00:00+02:00,78.0
2025-04-29 10:00:00+02:00,8.9
2025-04-29 11:00:00+02:00,0.0
2025-04-29 12:00:00+02:00,-0.76
2025-04-29 13:00:00+02:00,-1.9
2025-04-29 14:00:00+02:00,-1.67
2025-04-29 15:00:00+02:00,-0.01
2025-04-29 16:00:00+02:00,12.87
2025-04-29 17:00:00+02:00,73.8
2025-04-29 18:00:00+02:00,97.33
2025-04-29 19:00:00+02:00,125.0
2025-04-29 20:00:00+02:00,157.86
2025-04-29 21:00:00+02:00,129.11
2025-04-29 22:00:00+02:00,106.53
2025-04-29 23:00:00+02:00,96.5
2025-04-30 00:00:00+02:00,95.0
2025-04-30 01:00:00+02:00,89.91
2025-04-30 02:00:00+02:00,85.49
2025-04-30 03:00:00+02:00,86.77
2025-04-30 04:00:00+02:00,88.68
2025-04-30 05:00:00+02:00,93.78
2025-04-30 06:00:00+02:00,115.27
2025-04-30 07:00:00+02:00,120.3
2025-04-30 08:00:00+02:00,99.9
2025-04-30 09:00:00+02:00,87.81
2025-04-30 10:00:00+02:00,7.08
2025-04-30 11:00:00+02:00,0.0
2025-04-30 12:00:00+02:00,-1.0
2025-04-30 13:00:00+02:00,-6.21
2025-04-30 14:00:00+02:00,-3.0
2025-04-30 15:00:00+02:00,-0.02
2025-04-30 16:00:00+02:00,17.27
2025-04-30 17:00:00+02:00,76.18
2025-04-30 18:00:00+02:00,99.0
2025-04-30 19:00:00+02:00,125.4
2025-04-30 20:00:00+02:00,176.43
2025-04-30 21:00:00+02:00,128.0
2025-04-30 22:00:00+02:00,108.01
2025-04-30 23:00:00+02:00,97.53
2025-05-01 00:00:00+02:00,92.95
2025-05-01 01:00:00+02:00,87.45
2025-05-01 02:00:00+02:00,85.93
2025-05-01 03:00:00+02:00,86.64
2025-05-01 04:00:00+02:00,85.9
2025-05-01 05:00:00+02:00,80.7
2025-05-01 06:00:00+02:00,87.25
2025-05-01 07:00:00+02:00,87.41
2025-05-01 08:00:00+02:00,85.18
2025-05-01 09:00:00+02:00,0.0
2025-05-01 10:00:00+02:00,-3.0
2025-05-01 11:00:00+02:00,-40.1
2025-05-01 12:00:00+02:00,-108.07
2025-05-01 13:00:00+02:00,-142.42
2025-05-01 14:00:00+02:00,-118.1
2025-05-01 15:00:00+02:00,-49.99
2025-05-01 16:00:00+02:00,-5.17
2025-05-01 17:00:00+02:00,46.24
2025-05-01 18:00:00+02:00,96.17
2025-05-01 19:00:00+02:00,129.87
2025-05-01 20:00:00+02:00,165.08
2025-05-01 21:00:00+02:00,126.7
2025-05-01 22:00:00+02:00,104.86
2025-05-01 23:00:00+02:00,90.89
2025-05-02 00:00:00+02:00,96.0
2025-05-02 01:00:00+02:00,92.2
2025-05-02 02:00:00+02:00,82.0
2025-05-02 03:00:00+02:00,71.54
2025-05-02 04:00:00+02:00,68.68
2025-05-02 05:00:00+02:00,70.0
2025-05-02 06:00:00+02:00,88.4
2025-05-02 07:00:00+02:00,102.9
2025-05-02 08:00:00+02:00,93.75
2025-05-02 09:00:00+02:00,76.39
2025-05-02 10:00:00+02:00,0.85
2025-05-02 11:00:00+02:00,-0.01
2025-05-02 12:00:00+02:00,-0.8
2025-05-02 13:00:00+02:00,-3.0
2025-05-02 14:00:00+02:00,-4.0
2025-05-02 15:00:00+02:00,-0.08
2025-05-02 16:00:00+02:00,0.3
2025-05-02 17:00:00+02:00,61.44
2025-05-02 18:00:00+02:00,95.18
2025-05-02 19:00:00+02:00,107.98
2025-05-02 20:00:00+02:00,140.35
2025-05-02 21:00:00+02:00,117.73
2025-05-02 22:00:00+02:00,103.26
2025-05-02 23:00:00+02:00,92.8
2025-05-03 00:00:00+02:00,93.74
2025-05-03 01:00:00+02:00,89.0
2025-05-03 02:00:00+02:00,88.72
2025-05-03 03:00:00+02:00,92.45
2025-05-03 04:00:00+02:00,95.44
2025-05-03 05:00:00+02:00,97.2
2025-05-03 06:00:00+02:00,101.64
2025-05-03 07:00:00+02:00,97.36
2025-05-03 08:00:00+02:00,85.86
2025-05-03 09:00:00+02:00,13.53
2025-05-03 10:00:00+02:00,0.01
2025-05-03 11:00:00+02:00,-0.01
2025-05-03 12:00:00+02:00,-1.16
2025-05-03 13:00:00+02:00,-3.04
2025-05-03 14:00:00+02:00,-2.69
2025-05-03 15:00:00+02:00,-0.03
2025-05-03 16:00:00+02:00,0.0
2025-05-03 17:00:00+02:00,26.91
2025-05-03 18:00:00+02:00,60.1
2025-05-03 19:00:00+02:00,74.22
2025-05-03 20:00:00+02:00,86.28
2025-05-03 21:00:00+02:00,85.37
2025-05-03 22:00:00+02:00,92.95
2025-05-03 23:00:00+02:00,86.0
2025-05-04 00:00:00+02:00,59.95
2025-05-04 01:00:00+02:00,44.9
2025-05-04 02:00:00+02:00,33.4
2025-05-04 03:00:00+02:00,21.61
2025-05-04 04:00:00+02:00,20.02
2025-05-04 05:00:00+02:00,15.58
2025-05-04 06:00:00+02:00,13.62
2025-05-04 07:00:00+02:00,7.83
2025-05-04 08:00:00+02:00,2.93
2025-05-04 09:00:00+02:00,0.0
2025-05-04 10:00:00+02:00,-0.01
2025-05-04 11:00:00+02:00,-0.01
2025-05-04 12:00:00+02:00,-0.02
2025-05-04 13:00:00+02:00,-2.0
2025-05-04 14:00:00+02:00,-5.01
2025-05-04 15:00:00+02:00,-1.59
2025-05-04 16:00:00+02:00,-0.01
2025-05-04 17:00:00+02:00,8.94
2025-05-04 18:00:00+02:00,73.24
2025-05-04 19:00:00+02:00,90.0
2025-05-04 20:00:00+02:00,104.97
2025-05-04 21:00:00+02:00,118.2
2025-05-04 22:00:00+02:00,104.79
2025-05-04 23:00:00+02:00,84.36
2025-05-05 00:00:00+02:00,83.55
2025-05-05 01:00:00+02:00,70.71
2025-05-05 02:00:00+02:00,81.6
2025-05-05 03:00:00+02:00,85.61
2025-05-05 04:00:00+02:00,82.0
2025-05-05 05:00:00+02:00,89.8
2025-05-05 06:00:00+02:00,117.14
2025-05-05 07:00:00+02:00,116.95
2025-05-05 08:00:00+02:00,99.5
2025-05-05 09:00:00+02:00,80.93
2025-05-05 10:00:00+02:00,70.13
2025-05-05 11:00:00+02:00,53.87
2025-05-05 12:00:00+02:00,4.9
2025-05-05 13:00:00+02:00,-2.0
2025-05-05 14:00:00+02:00,-2.0
2025-05-05 15:00:00+02:00,-1.6
2025-05-05 16:00:00+02:00,1.0
2025-05-05 17:00:00+02:00,76.56
2025-05-05 18:00:00+02:00,86.53
2025-05-05 19:00:00+02:00,111.55
2025-05-05 20:00:00+02:00,100.0
2025-05-05 21:00:00+02:00,119.0
2025-05-05 22:00:00+02:00,103.13
2025-05-05 23:00:00+02:00,89.43
2025-05-06 00:00:00+02:00,82.46
2025-05-06 01:00:00+02:00,81.41
2025-05-06 02:00:00+02:00,86.0
2025-05-06 03:00:00+02:00,84.86
2025-05-06 04:00:00+02:00,82.19
2025-05-06 05:00:00+02:00,91.66
2025-05-06 06:00:00+02:00,110.2
2025-05-06 07:00:00+02:00,125.38
2025-05-06 08:00:00+02:00,106.75
2025-05-06 09:00:00+02:00,92.0
2025-05-06 10:00:00+02:00,66.0
2025-05-06 11:00:00+02:00,52.13
2025-05-06 12:00:00+02:00,37.34
2025-05-06 13:00:00+02:00,32.16
2025-05-06 14:00:00+02:00,38.77
2025-05-06 15:00:00+02:00,56.24
2025-05-06 16:00:00+02:00,63.82
2025-05-06 17:00:00+02:00,78.58
2025-05-06 18:00:00+02:00,93.34
2025-05-06 19:00:00+02:00,123.55
2025-05-06 20:00:00+02:00,167.69
2025-05-06 21:00:00+02:00,140.1
2025-05-06 22:00:00+02:00,122.8
2025-05-06 23:00:00+02:00,102.04
2025-05-07 00:00:00+02:00,88.2
